"Points","HJ","PV","LJ","TJ","SP","Pent."
"1400","-","5.41","7.82","16.73","23.07","5589"
"1399","2.18","-","-","16.72","23.05","5585"
"1398","-","-","7.81","16.71","23.03","5581"
"1397","-","5.40","-","16.70","23.02","5578"
"1396","-","-","7.80","16.69","23.00","5574"
"1395","-","-","-","16.68","22.99","5571"
"1394","-","5.39","7.79","16.67","22.97","5567"
"1393","-","-","-","16.66","22.95","5563"
"1392","-","-","7.78","16.65","22.94","5560"
"1391","-","5.38","-","16.64","22.92","5556"
"1390","-","-","-","16.63","22.91","5552"
"1389","2.17","-","7.77","16.62","22.89","5549"
"1388","-","5.37","-","-","22.87","5545"
"1387","-","-","7.76","16.61","22.86","5541"
"1386","-","-","-","16.60","22.84","5538"
"1385","-","5.36","7.75","16.59","22.83","5534"
"1384","-","-","-","16.58","22.81","5530"
"1383","-","-","7.74","16.57","22.80","5527"
"1382","-","-","-","16.56","22.78","5523"
"1381","-","5.35","-","16.55","22.76","5520"
"1380","-","-","7.73","16.54","22.75","5516"
"1379","2.16","-","-","16.53","22.73","5512"
"1378","-","5.34","7.72","16.52","22.72","5509"
"1377","-","-","-","16.51","22.70","5505"
"1376","-","-","7.71","16.50","22.68","5501"
"1375","-","5.33","-","16.49","22.67","5498"
"1374","-","-","7.70","16.48","22.65","5494"
"1373","-","-","-","16.47","22.64","5490"
"1372","-","5.32","-","16.46","22.62","5487"
"1371","-","-","7.69","16.45","22.60","5483"
"1370","-","-","-","16.44","22.59","5479"
"1369","2.15","5.31","7.68","16.43","22.57","5476"
"1368","-","-","-","16.42","22.56","5472"
"1367","-","-","7.67","16.41","22.54","5468"
"1366","-","-","-","16.40","22.52","5465"
"1365","-","5.30","7.66","-","22.51","5461"
"1364","-","-","-","16.39","22.49","5457"
"1363","-","-","-","16.38","22.48","5454"
"1362","-","5.29","7.65","16.37","22.46","5450"
"1361","-","-","-","16.36","22.45","5447"
"1360","-","-","7.64","16.35","22.43","5443"
"1359","2.14","5.28","-","16.34","22.41","5439"
"1358","-","-","7.63","16.33","22.40","5436"
"1357","-","-","-","16.32","22.38","5432"
"1356","-","5.27","7.62","16.31","22.37","5428"
"1355","-","-","-","16.30","22.35","5425"
"1354","-","-","-","16.29","22.33","5421"
"1353","-","5.26","7.61","16.28","22.32","5417"
"1352","-","-","-","16.27","22.30","5414"
"1351","-","-","7.60","16.26","22.29","5410"
"1350","-","5.25","-","16.25","22.27","5406"
"1349","2.13","-","7.59","16.24","22.25","5403"
"1348","-","-","-","16.23","22.24","5399"
"1347","-","-","7.58","16.22","22.22","5395"
"1346","-","5.24","-","16.21","22.21","5392"
"1345","-","-","7.57","16.20","22.19","5388"
"1344","-","-","-","16.19","22.17","5384"
"1343","-","5.23","-","16.18","22.16","5381"
"1342","-","-","7.56","16.17","22.14","5377"
"1341","-","-","-","-","22.13","5373"
"1340","-","5.22","7.55","16.16","22.11","5370"
"1339","2.12","-","-","16.15","22.09","5366"
"1338","-","-","7.54","16.14","22.08","5362"
"1337","-","5.21","-","16.13","22.06","5359"
"1336","-","-","7.53","16.12","22.05","5355"
"1335","-","-","-","16.11","22.03","5351"
"1334","-","5.20","-","16.10","22.02","5348"
"1333","-","-","7.52","16.09","22.00","5344"
"1332","-","-","-","16.08","21.98","5340"
"1331","-","5.19","7.51","16.07","21.97","5337"
"1330","-","-","-","16.06","21.95","5333"
"1329","2.11","-","7.50","16.05","21.94","5329"
"1328","-","-","-","16.04","21.92","5326"
"1327","-","5.18","7.49","16.03","21.90","5322"
"1326","-","-","-","16.02","21.89","5318"
"1325","-","-","-","16.01","21.87","5315"
"1324","-","5.17","7.48","16.00","21.86","5311"
"1323","-","-","-","15.99","21.84","5307"
"1322","-","-","7.47","15.98","21.82","5304"
"1321","-","5.16","-","15.97","21.81","5300"
"1320","-","-","7.46","15.96","21.79","5296"
"1319","2.10","-","-","15.95","21.78","5293"
"1318","-","5.15","7.45","15.94","21.76","5289"
"1317","-","-","-","15.93","21.74","5285"
"1316","-","-","7.44","-","21.73","5282"
"1315","-","5.14","-","15.92","21.71","5278"
"1314","-","-","-","15.91","21.70","5274"
"1313","-","-","7.43","15.90","21.68","5271"
"1312","-","5.13","-","15.89","21.66","5267"
"1311","-","-","7.42","15.88","21.65","5263"
"1310","-","-","-","15.87","21.63","5260"
"1309","2.09","-","7.41","15.86","21.62","5256"
"1308","-","5.12","-","15.85","21.60","5252"
"1307","-","-","7.40","15.84","21.59","5249"
"1306","-","-","-","15.83","21.57","5245"
"1305","-","5.11","-","15.82","21.55","5241"
"1304","-","-","7.39","15.81","21.54","5238"
"1303","-","-","-","15.80","21.52","5234"
"1302","-","5.10","7.38","15.79","21.51","5230"
"1301","-","-","-","15.78","21.49","5227"
"1300","-","-","7.37","15.77","21.47","5223"
"1299","2.08","5.09","-","15.76","21.46","5219"
"1298","-","-","7.36","15.75","21.44","5216"
"1297","-","-","-","15.74","21.43","5212"
"1296","-","5.08","-","15.73","21.41","5208"
"1295","-","-","7.35","15.72","21.39","5205"
"1294","-","-","-","15.71","21.38","5201"
"1293","-","5.07","7.34","15.70","21.36","5197"
"1292","-","-","-","15.69","21.35","5194"
"1291","-","-","7.33","15.68","21.33","5190"
"1290","-","5.06","-","15.67","21.31","5186"
"1289","2.07","-","7.32","-","21.30","5183"
"1288","-","-","-","15.66","21.28","5179"
"1287","-","-","7.31","15.65","21.27","5175"
"1286","-","5.05","-","15.64","21.25","5172"
"1285","-","-","-","15.63","21.23","5168"
"1284","-","-","7.30","15.62","21.22","5164"
"1283","-","5.04","-","15.61","21.20","5161"
"1282","-","-","7.29","15.60","21.19","5157"
"1281","-","-","-","15.59","21.17","5153"
"1280","-","5.03","7.28","15.58","21.15","5150"
"1279","2.06","-","-","15.57","21.14","5146"
"1278","-","-","7.27","15.56","21.12","5142"
"1277","-","5.02","-","15.55","21.11","5139"
"1276","-","-","-","15.54","21.09","5135"
"1275","-","-","7.26","15.53","21.07","5131"
"1274","-","5.01","-","15.52","21.06","5128"
"1273","-","-","7.25","15.51","21.04","5124"
"1272","-","-","-","15.50","21.03","5120"
"1271","-","5.00","7.24","15.49","21.01","5117"
"1270","-","-","-","15.48","21.00","5113"
"1269","2.05","-","7.23","15.47","20.98","5109"
"1268","-","4.99","-","15.46","20.96","5105"
"1267","-","-","7.22","15.45","20.95","5102"
"1266","-","-","-","15.44","20.93","5098"
"1265","-","-","-","15.43","20.92","5094"
"1264","-","4.98","7.21","15.42","20.90","5091"
"1263","-","-","-","15.41","20.88","5087"
"1262","-","-","7.20","15.40","20.87","5083"
"1261","-","4.97","-","-","20.85","5080"
"1260","-","-","7.19","15.39","20.84","5076"
"1259","2.04","-","-","15.38","20.82","5072"
"1258","-","4.96","7.18","15.37","20.80","5069"
"1257","-","-","-","15.36","20.79","5065"
"1256","-","-","-","15.35","20.77","5061"
"1255","-","4.95","7.17","15.34","20.76","5058"
"1254","-","-","-","15.33","20.74","5054"
"1253","-","-","7.16","15.32","20.72","5050"
"1252","-","4.94","-","15.31","20.71","5047"
"1251","-","-","7.15","15.30","20.69","5043"
"1250","-","-","-","15.29","20.68","5039"
"1249","2.03","4.93","7.14","15.28","20.66","5036"
"1248","-","-","-","15.27","20.64","5032"
"1247","-","-","7.13","15.26","20.63","5028"
"1246","-","-","-","15.25","20.61","5024"
"1245","-","4.92","-","15.24","20.60","5021"
"1244","-","-","7.12","15.23","20.58","5017"
"1243","-","-","-","15.22","20.56","5013"
"1242","-","4.91","7.11","15.21","20.55","5010"
"1241","-","-","-","15.20","20.53","5006"
"1240","-","-","7.10","15.19","20.52","5002"
"1239","2.02","4.90","-","15.18","20.50","4999"
"1238","-","-","7.09","15.17","20.48","4995"
"1237","-","-","-","15.16","20.47","4991"
"1236","-","4.89","7.08","15.15","20.45","4988"
"1235","-","-","-","15.14","20.44","4984"
"1234","-","-","-","15.13","20.42","4980"
"1233","-","4.88","7.07","15.12","20.40","4976"
"1232","-","-","-","15.11","20.39","4973"
"1231","-","-","7.06","-","20.37","4969"
"1230","-","4.87","-","15.10","20.36","4965"
"1229","2.01","-","7.05","15.09","20.34","4962"
"1228","-","-","-","15.08","20.32","4958"
"1227","-","4.86","7.04","15.07","20.31","4954"
"1226","-","-","-","15.06","20.29","4951"
"1225","-","-","-","15.05","20.28","4947"
"1224","-","4.85","7.03","15.04","20.26","4943"
"1223","-","-","-","15.03","20.25","4940"
"1222","-","-","7.02","15.02","20.23","4936"
"1221","-","-","-","15.01","20.21","4932"
"1220","-","4.84","7.01","15.00","20.20","4928"
"1219","2.00","-","-","14.99","20.18","4925"
"1218","-","-","7.00","14.98","20.17","4921"
"1217","-","4.83","-","14.97","20.15","4917"
"1216","-","-","6.99","14.96","20.13","4914"
"1215","-","-","-","14.95","20.12","4910"
"1214","-","4.82","-","14.94","20.10","4906"
"1213","-","-","6.98","14.93","20.09","4903"
"1212","-","-","-","14.92","20.07","4899"
"1211","-","4.81","6.97","14.91","20.05","4895"
"1210","-","-","-","14.90","20.04","4892"
"1209","1.99","-","6.96","14.89","20.02","4888"
"1208","-","4.80","-","14.88","20.01","4884"
"1207","-","-","6.95","14.87","19.99","4880"
"1206","-","-","-","14.86","19.97","4877"
"1205","-","4.79","6.94","14.85","19.96","4873"
"1204","-","-","-","14.84","19.94","4869"
"1203","-","-","-","14.83","19.93","4866"
"1202","-","4.78","6.93","14.82","19.91","4862"
"1201","-","-","-","14.81","19.89","4858"
"1200","1.98","-","6.92","14.80","19.88","4855"
"1199","-","-","-","14.79","19.86","4851"
"1198","-","4.77","6.91","-","19.85","4847"
"1197","-","-","-","14.78","19.83","4843"
"1196","-","-","6.90","14.77","19.81","4840"
"1195","-","4.76","-","14.76","19.80","4836"
"1194","-","-","6.89","14.75","19.78","4832"
"1193","-","-","-","14.74","19.77","4829"
"1192","-","4.75","-","14.73","19.75","4825"
"1191","-","-","6.88","14.72","19.73","4821"
"1190","1.97","-","-","14.71","19.72","4818"
"1189","-","4.74","6.87","14.70","19.70","4814"
"1188","-","-","-","14.69","19.69","4810"
"1187","-","-","6.86","14.68","19.67","4806"
"1186","-","4.73","-","14.67","19.65","4803"
"1185","-","-","6.85","14.66","19.64","4799"
"1184","-","-","-","14.65","19.62","4795"
"1183","-","4.72","6.84","14.64","19.61","4792"
"1182","-","-","-","14.63","19.59","4788"
"1181","-","-","-","14.62","19.57","4784"
"1180","1.96","4.71","6.83","14.61","19.56","4780"
"1179","-","-","-","14.60","19.54","4777"
"1178","-","-","6.82","14.59","19.53","4773"
"1177","-","4.70","-","14.58","19.51","4769"
"1176","-","-","6.81","14.57","19.49","4766"
"1175","-","-","-","14.56","19.48","4762"
"1174","-","-","6.80","14.55","19.46","4758"
"1173","-","4.69","-","14.54","19.45","4755"
"1172","-","-","-","14.53","19.43","4751"
"1171","-","-","6.79","14.52","19.41","4747"
"1170","1.95","4.68","-","14.51","19.40","4743"
"1169","-","-","6.78","14.50","19.38","4740"
"1168","-","-","-","14.49","19.37","4736"
"1167","-","4.67","6.77","14.48","19.35","4732"
"1166","-","-","-","14.47","19.33","4729"
"1165","-","-","6.76","14.46","19.32","4725"
"1164","-","4.66","-","14.45","19.30","4721"
"1163","-","-","6.75","-","19.29","4717"
"1162","-","-","-","14.44","19.27","4714"
"1161","-","4.65","-","14.43","19.25","4710"
"1160","1.94","-","6.74","14.42","19.24","4706"
"1159","-","-","-","14.41","19.22","4703"
"1158","-","4.64","6.73","14.40","19.21","4699"
"1157","-","-","-","14.39","19.19","4695"
"1156","-","-","6.72","14.38","19.17","4691"
"1155","-","4.63","-","14.37","19.16","4688"
"1154","-","-","6.71","14.36","19.14","4684"
"1153","-","-","-","14.35","19.13","4680"
"1152","-","4.62","6.70","14.34","19.11","4677"
"1151","-","-","-","14.33","19.09","4673"
"1150","1.93","-","-","14.32","19.08","4669"
"1149","-","-","6.69","14.31","19.06","4665"
"1148","-","4.61","-","14.30","19.05","4662"
"1147","-","-","6.68","14.29","19.03","4658"
"1146","-","-","-","14.28","19.01","4654"
"1145","-","4.60","6.67","14.27","19.00","4651"
"1144","-","-","-","14.26","18.98","4647"
"1143","-","-","6.66","14.25","18.97","4643"
"1142","-","4.59","-","14.24","18.95","4639"
"1141","-","-","6.65","14.23","18.93","4636"
"1140","1.92","-","-","14.22","18.92","4632"
"1139","-","4.58","-","14.21","18.90","4628"
"1138","-","-","6.64","14.20","18.89","4625"
"1137","-","-","-","14.19","18.87","4621"
"1136","-","4.57","6.63","14.18","18.85","4617"
"1135","-","-","-","14.17","18.84","4613"
"1134","-","-","6.62","14.16","18.82","4610"
"1133","-","4.56","-","14.15","18.81","4606"
"1132","-","-","6.61","14.14","18.79","4602"
"1131","1.91","-","-","14.13","18.77","4598"
"1130","-","4.55","6.60","14.12","18.76","4595"
"1129","-","-","-","14.11","18.74","4591"
"1128","-","-","6.59","14.10","18.73","4587"
"1127","-","4.54","-","14.09","18.71","4584"
"1126","-","-","-","14.08","18.69","4580"
"1125","-","-","6.58","14.07","18.68","4576"
"1124","-","4.53","-","14.06","18.66","4572"
"1123","-","-","6.57","-","18.65","4569"
"1122","-","-","-","14.05","18.63","4565"
"1121","1.90","-","6.56","14.04","18.61","4561"
"1120","-","4.52","-","14.03","18.60","4558"
"1119","-","-","6.55","14.02","18.58","4554"
"1118","-","-","-","14.01","18.57","4550"
"1117","-","4.51","6.54","14.00","18.55","4546"
"1116","-","-","-","13.99","18.53","4543"
"1115","-","-","-","13.98","18.52","4539"
"1114","-","4.50","6.53","13.97","18.50","4535"
"1113","-","-","-","13.96","18.49","4531"
"1112","-","-","6.52","13.95","18.47","4528"
"1111","1.89","4.49","-","13.94","18.45","4524"
"1110","-","-","6.51","13.93","18.44","4520"
"1109","-","-","-","13.92","18.42","4517"
"1108","-","4.48","6.50","13.91","18.41","4513"
"1107","-","-","-","13.90","18.39","4509"
"1106","-","-","6.49","13.89","18.37","4505"
"1105","-","4.47","-","13.88","18.36","4502"
"1104","-","-","-","13.87","18.34","4498"
"1103","-","-","6.48","13.86","18.33","4494"
"1102","-","4.46","-","13.85","18.31","4490"
"1101","1.88","-","6.47","13.84","18.29","4487"
"1100","-","-","-","13.83","18.28","4483"
"1099","-","4.45","6.46","13.82","18.26","4479"
"1098","-","-","-","13.81","18.25","4476"
"1097","-","-","6.45","13.80","18.23","4472"
"1096","-","4.44","-","13.79","18.21","4468"
"1095","-","-","6.44","13.78","18.20","4464"
"1094","-","-","-","13.77","18.18","4461"
"1093","-","-","-","13.76","18.17","4457"
"1092","-","4.43","6.43","13.75","18.15","4453"
"1091","1.87","-","-","13.74","18.13","4449"
"1090","-","-","6.42","13.73","18.12","4446"
"1089","-","4.42","-","13.72","18.10","4442"
"1088","-","-","6.41","13.71","18.09","4438"
"1087","-","-","-","13.70","18.07","4434"
"1086","-","4.41","6.40","13.69","18.05","4431"
"1085","-","-","-","13.68","18.04","4427"
"1084","-","-","6.39","13.67","18.02","4423"
"1083","-","4.40","-","13.66","18.01","4420"
"1082","1.86","-","-","13.65","17.99","4416"
"1081","-","-","6.38","13.64","17.97","4412"
"1080","-","4.39","-","13.63","17.96","4408"
"1079","-","-","6.37","13.62","17.94","4405"
"1078","-","-","-","13.61","17.93","4401"
"1077","-","4.38","6.36","-","17.91","4397"
"1076","-","-","-","13.60","17.89","4393"
"1075","-","-","6.35","13.59","17.88","4390"
"1074","-","4.37","-","13.58","17.86","4386"
"1073","-","-","6.34","13.57","17.85","4382"
"1072","1.85","-","-","13.56","17.83","4378"
"1071","-","4.36","6.33","13.55","17.81","4375"
"1070","-","-","-","13.54","17.80","4371"
"1069","-","-","-","13.53","17.78","4367"
"1068","-","4.35","6.32","13.52","17.77","4363"
"1067","-","-","-","13.51","17.75","4360"
"1066","-","-","6.31","13.50","17.73","4356"
"1065","-","4.34","-","13.49","17.72","4352"
"1064","-","-","6.30","13.48","17.70","4348"
"1063","-","-","-","13.47","17.69","4345"
"1062","1.84","-","6.29","13.46","17.67","4341"
"1061","-","4.33","-","13.45","17.65","4337"
"1060","-","-","6.28","13.44","17.64","4334"
"1059","-","-","-","13.43","17.62","4330"
"1058","-","4.32","-","13.42","17.61","4326"
"1057","-","-","6.27","13.41","17.59","4322"
"1056","-","-","-","13.40","17.57","4319"
"1055","-","4.31","6.26","13.39","17.56","4315"
"1054","-","-","-","13.38","17.54","4311"
"1053","-","-","6.25","13.37","17.53","4307"
"1052","1.83","4.30","-","13.36","17.51","4304"
"1051","-","-","6.24","13.35","17.49","4300"
"1050","-","-","-","13.34","17.48","4296"
"1049","-","4.29","6.23","13.33","17.46","4292"
"1048","-","-","-","13.32","17.44","4289"
"1047","-","-","6.22","13.31","17.43","4285"
"1046","-","4.28","-","13.30","17.41","4281"
"1045","-","-","-","13.29","17.40","4277"
"1044","-","-","6.21","13.28","17.38","4274"
"1043","1.82","4.27","-","13.27","17.36","4270"
"1042","-","-","6.20","13.26","17.35","4266"
"1041","-","-","-","13.25","17.33","4262"
"1040","-","4.26","6.19","13.24","17.32","4259"
"1039","-","-","-","13.23","17.30","4255"
"1038","-","-","6.18","13.22","17.28","4251"
"1037","-","4.25","-","13.21","17.27","4247"
"1036","-","-","6.17","13.20","17.25","4244"
"1035","-","-","-","13.19","17.24","4240"
"1034","-","4.24","-","13.18","17.22","4236"
"1033","1.81","-","6.16","13.17","17.20","4232"
"1032","-","-","-","13.16","17.19","4229"
"1031","-","4.23","6.15","13.15","17.17","4225"
"1030","-","-","-","13.14","17.16","4221"
"1029","-","-","6.14","13.13","17.14","4217"
"1028","-","-","-","13.12","17.12","4214"
"1027","-","4.22","6.13","13.11","17.11","4210"
"1026","-","-","-","13.10","17.09","4206"
"1025","-","-","6.12","13.09","17.08","4202"
"1024","-","4.21","-","13.08","17.06","4199"
"1023","1.80","-","6.11","13.07","17.04","4195"
"1022","-","-","-","13.06","17.03","4191"
"1021","-","4.20","-","13.05","17.01","4187"
"1020","-","-","6.10","-","17.00","4184"
"1019","-","-","-","13.04","16.98","4180"
"1018","-","4.19","6.09","13.03","16.96","4176"
"1017","-","-","-","13.02","16.95","4172"
"1016","-","-","6.08","13.01","16.93","4169"
"1015","-","4.18","-","13.00","16.92","4165"
"1014","-","-","6.07","12.99","16.90","4161"
"1013","1.79","-","-","12.98","16.88","4157"
"1012","-","4.17","6.06","12.97","16.87","4153"
"1011","-","-","-","12.96","16.85","4150"
"1010","-","-","6.05","12.95","16.84","4146"
"1009","-","4.16","-","12.94","16.82","4142"
"1008","-","-","-","12.93","16.80","4138"
"1007","-","-","6.04","12.92","16.79","4135"
"1006","-","4.15","-","12.91","16.77","4131"
"1005","-","-","6.03","12.90","16.76","4127"
"1004","1.78","-","-","12.89","16.74","4123"
"1003","-","4.14","6.02","12.88","16.72","4120"
"1002","-","-","-","12.87","16.71","4116"
"1001","-","-","6.01","12.86","16.69","4112"
"1000","-","4.13","-","12.85","16.67","4108"
"999","-","-","6.00","12.84","16.66","4105"
"998","-","-","-","12.83","16.64","4101"
"997","-","4.12","-","12.82","16.63","4097"
"996","-","-","5.99","12.81","16.61","4093"
"995","-","-","-","12.80","16.59","4090"
"994","1.77","4.11","5.98","12.79","16.58","4086"
"993","-","-","-","12.78","16.56","4082"
"992","-","-","5.97","12.77","16.55","4078"
"991","-","-","-","12.76","16.53","4074"
"990","-","4.10","5.96","12.75","16.51","4071"
"989","-","-","-","12.74","16.50","4067"
"988","-","-","5.95","12.73","16.48","4063"
"987","-","4.09","-","12.72","16.47","4059"
"986","-","-","5.94","12.71","16.45","4056"
"985","-","-","-","12.70","16.43","4052"
"984","1.76","4.08","-","12.69","16.42","4048"
"983","-","-","5.93","12.68","16.40","4044"
"982","-","-","-","12.67","16.39","4041"
"981","-","4.07","5.92","12.66","16.37","4037"
"980","-","-","-","12.65","16.35","4033"
"979","-","-","5.91","12.64","16.34","4029"
"978","-","4.06","-","12.63","16.32","4026"
"977","-","-","5.90","12.62","16.31","4022"
"976","-","-","-","12.61","16.29","4018"
"975","-","4.05","5.89","12.60","16.27","4014"
"974","1.75","-","-","12.59","16.26","4010"
"973","-","-","5.88","12.58","16.24","4007"
"972","-","4.04","-","12.57","16.23","4003"
"971","-","-","-","12.56","16.21","3999"
"970","-","-","5.87","12.55","16.19","3995"
"969","-","4.03","-","12.54","16.18","3992"
"968","-","-","5.86","12.53","16.16","3988"
"967","-","-","-","12.52","16.14","3984"
"966","-","4.02","5.85","12.51","16.13","3980"
"965","1.74","-","-","12.50","16.11","3977"
"964","-","-","5.84","12.49","16.10","3973"
"963","-","4.01","-","12.48","16.08","3969"
"962","-","-","5.83","12.47","16.06","3965"
"961","-","-","-","12.46","16.05","3961"
"960","-","4.00","5.82","12.45","16.03","3958"
"959","-","-","-","12.44","16.02","3954"
"958","-","-","-","12.43","16.00","3950"
"957","-","3.99","5.81","12.42","15.98","3946"
"956","-","-","-","12.41","15.97","3943"
"955","1.73","-","5.80","12.40","15.95","3939"
"954","-","3.98","-","12.39","15.94","3935"
"953","-","-","5.79","12.38","15.92","3931"
"952","-","-","-","12.37","15.90","3927"
"951","-","3.97","5.78","12.36","15.89","3924"
"950","-","-","-","12.35","15.87","3920"
"949","-","-","5.77","12.34","15.86","3916"
"948","-","-","-","12.33","15.84","3912"
"947","-","3.96","5.76","12.32","15.82","3909"
"946","-","-","-","12.31","15.81","3905"
"945","1.72","-","-","12.30","15.79","3901"
"944","-","3.95","5.75","12.29","15.78","3897"
"943","-","-","-","12.28","15.76","3893"
"942","-","-","5.74","12.27","15.74","3890"
"941","-","3.94","-","12.26","15.73","3886"
"940","-","-","5.73","12.25","15.71","3882"
"939","-","-","-","12.24","15.69","3878"
"938","-","3.93","5.72","12.23","15.68","3875"
"937","-","-","-","12.22","15.66","3871"
"936","1.71","-","5.71","12.21","15.65","3867"
"935","-","3.92","-","12.20","15.63","3863"
"934","-","-","5.70","-","15.61","3859"
"933","-","-","-","12.19","15.60","3856"
"932","-","3.91","5.69","12.18","15.58","3852"
"931","-","-","-","12.17","15.57","3848"
"930","-","-","-","12.16","15.55","3844"
"929","-","3.90","5.68","12.15","15.53","3840"
"928","-","-","-","12.14","15.52","3837"
"927","-","-","5.67","12.13","15.50","3833"
"926","1.70","3.89","-","12.12","15.49","3829"
"925","-","-","5.66","12.11","15.47","3825"
"924","-","-","-","12.10","15.45","3822"
"923","-","3.88","5.65","12.09","15.44","3818"
"922","-","-","-","12.08","15.42","3814"
"921","-","-","5.64","12.07","15.41","3810"
"920","-","3.87","-","12.06","15.39","3806"
"919","-","-","5.63","12.05","15.37","3803"
"918","-","-","-","12.04","15.36","3799"
"917","-","3.86","-","12.03","15.34","3795"
"916","1.69","-","5.62","12.02","15.33","3791"
"915","-","-","-","12.01","15.31","3787"
"914","-","3.85","5.61","12.00","15.29","3784"
"913","-","-","-","11.99","15.28","3780"
"912","-","-","5.60","11.98","15.26","3776"
"911","-","3.84","-","11.97","15.24","3772"
"910","-","-","5.59","11.96","15.23","3769"
"909","-","-","-","11.95","15.21","3765"
"908","-","3.83","5.58","11.94","15.20","3761"
"907","1.68","-","-","11.93","15.18","3757"
"906","-","-","5.57","11.92","15.16","3753"
"905","-","3.82","-","11.91","15.15","3750"
"904","-","-","-","11.90","15.13","3746"
"903","-","-","5.56","11.89","15.12","3742"
"902","-","3.81","-","11.88","15.10","3738"
"901","-","-","5.55","11.87","15.08","3734"
"900","-","-","-","11.86","15.07","3731"
"899","-","-","5.54","11.85","15.05","3727"
"898","-","3.80","-","11.84","15.04","3723"
"897","1.67","-","5.53","11.83","15.02","3719"
"896","-","-","-","11.82","15.00","3715"
"895","-","3.79","5.52","11.81","14.99","3712"
"894","-","-","-","11.80","14.97","3708"
"893","-","-","5.51","11.79","14.96","3704"
"892","-","3.78","-","11.78","14.94","3700"
"891","-","-","5.50","11.77","14.92","3696"
"890","-","-","-","11.76","14.91","3693"
"889","-","3.77","-","11.75","14.89","3689"
"888","1.66","-","5.49","11.74","14.87","3685"
"887","-","-","-","11.73","14.86","3681"
"886","-","3.76","5.48","11.72","14.84","3677"
"885","-","-","-","11.71","14.83","3674"
"884","-","-","5.47","11.70","14.81","3670"
"883","-","3.75","-","11.69","14.79","3666"
"882","-","-","5.46","11.68","14.78","3662"
"881","-","-","-","11.67","14.76","3658"
"880","-","3.74","5.45","11.66","14.75","3655"
"879","-","-","-","11.65","14.73","3651"
"878","1.65","-","5.44","11.64","14.71","3647"
"877","-","3.73","-","11.63","14.70","3643"
"876","-","-","-","11.62","14.68","3639"
"875","-","-","5.43","11.61","14.67","3636"
"874","-","3.72","-","11.60","14.65","3632"
"873","-","-","5.42","11.59","14.63","3628"
"872","-","-","-","11.58","14.62","3624"
"871","-","3.71","5.41","11.57","14.60","3620"
"870","-","-","-","11.56","14.58","3617"
"869","-","-","5.40","11.55","14.57","3613"
"868","1.64","3.70","-","11.54","14.55","3609"
"867","-","-","5.39","11.53","14.54","3605"
"866","-","-","-","11.52","14.52","3601"
"865","-","3.69","5.38","11.51","14.50","3598"
"864","-","-","-","11.50","14.49","3594"
"863","-","-","5.37","11.49","14.47","3590"
"862","-","3.68","-","11.48","14.46","3586"
"861","-","-","-","11.47","14.44","3582"
"860","-","-","5.36","11.46","14.42","3579"
"859","1.63","3.67","-","11.45","14.41","3575"
"858","-","-","5.35","11.44","14.39","3571"
"857","-","-","-","11.43","14.38","3567"
"856","-","3.66","5.34","11.42","14.36","3563"
"855","-","-","-","11.41","14.34","3560"
"854","-","-","5.33","11.40","14.33","3556"
"853","-","3.65","-","11.39","14.31","3552"
"852","-","-","5.32","11.38","14.29","3548"
"851","-","-","-","11.37","14.28","3544"
"850","-","3.64","5.31","11.36","14.26","3541"
"849","1.62","-","-","11.35","14.25","3537"
"848","-","-","5.30","11.34","14.23","3533"
"847","-","3.63","-","11.33","14.21","3529"
"846","-","-","-","11.32","14.20","3525"
"845","-","-","5.29","11.31","14.18","3521"
"844","-","3.62","-","11.30","14.17","3518"
"843","-","-","5.28","11.29","14.15","3514"
"842","-","-","-","11.28","14.13","3510"
"841","-","3.61","5.27","11.27","14.12","3506"
"840","1.61","-","-","11.26","14.10","3502"
"839","-","-","5.26","11.25","14.09","3499"
"838","-","3.60","-","11.24","14.07","3495"
"837","-","-","5.25","11.23","14.05","3491"
"836","-","-","-","11.22","14.04","3487"
"835","-","3.59","5.24","11.21","14.02","3483"
"834","-","-","-","11.20","14.00","3480"
"833","-","-","5.23","11.19","13.99","3476"
"832","-","-","-","11.18","13.97","3472"
"831","-","3.58","-","11.17","13.96","3468"
"830","1.60","-","5.22","11.16","13.94","3464"
"829","-","-","-","11.15","13.92","3460"
"828","-","3.57","5.21","11.14","13.91","3457"
"827","-","-","-","11.13","13.89","3453"
"826","-","-","5.20","11.12","13.88","3449"
"825","-","3.56","-","11.11","13.86","3445"
"824","-","-","5.19","11.10","13.84","3441"
"823","-","-","-","11.09","13.83","3438"
"822","-","3.55","5.18","11.08","13.81","3434"
"821","-","-","-","11.07","13.80","3430"
"820","1.59","-","5.17","11.06","13.78","3426"
"819","-","3.54","-","11.05","13.76","3422"
"818","-","-","5.16","11.04","13.75","3418"
"817","-","-","-","11.03","13.73","3415"
"816","-","3.53","-","11.02","13.71","3411"
"815","-","-","5.15","11.01","13.70","3407"
"814","-","-","-","11.00","13.68","3403"
"813","-","3.52","5.14","10.99","13.67","3399"
"812","-","-","-","10.98","13.65","3396"
"811","1.58","-","5.13","10.97","13.63","3392"
"810","-","3.51","-","10.96","13.62","3388"
"809","-","-","5.12","10.95","13.60","3384"
"808","-","-","-","10.94","13.59","3380"
"807","-","3.50","5.11","10.93","13.57","3376"
"806","-","-","-","10.92","13.55","3373"
"805","-","-","5.10","10.91","13.54","3369"
"804","-","3.49","-","10.90","13.52","3365"
"803","-","-","5.09","10.89","13.51","3361"
"802","-","-","-","10.88","13.49","3357"
"801","1.57","3.48","5.08","10.87","13.47","3353"
"800","-","-","-","10.86","13.46","3350"
"799","-","-","-","10.85","13.44","3346"
"798","-","3.47","5.07","10.84","13.42","3342"
"797","-","-","-","10.83","13.41","3338"
"796","-","-","5.06","10.82","13.39","3334"
"795","-","3.46","-","10.81","13.38","3331"
"794","-","-","5.05","10.80","13.36","3327"
"793","-","-","-","10.79","13.34","3323"
"792","1.56","3.45","5.04","10.78","13.33","3319"
"791","-","-","-","10.77","13.31","3315"
"790","-","-","5.03","10.76","13.30","3311"
"789","-","3.44","-","10.75","13.28","3308"
"788","-","-","5.02","10.74","13.26","3304"
"787","-","-","-","10.73","13.25","3300"
"786","-","3.43","5.01","10.72","13.23","3296"
"785","-","-","-","10.71","13.21","3292"
"784","-","-","-","10.70","13.20","3288"
"783","-","3.42","5.00","10.69","13.18","3285"
"782","1.55","-","-","10.68","13.17","3281"
"781","-","-","4.99","10.67","13.15","3277"
"780","-","3.41","-","10.66","13.13","3273"
"779","-","-","4.98","10.65","13.12","3269"
"778","-","-","-","10.64","13.10","3265"
"777","-","3.40","4.97","10.63","13.09","3262"
"776","-","-","-","10.62","13.07","3258"
"775","-","-","4.96","10.61","13.05","3254"
"774","-","3.39","-","10.60","13.04","3250"
"773","1.54","-","4.95","10.59","13.02","3246"
"772","-","-","-","10.58","13.00","3242"
"771","-","3.38","4.94","10.57","12.99","3239"
"770","-","-","-","10.56","12.97","3235"
"769","-","-","4.93","10.55","12.96","3231"
"768","-","3.37","-","10.54","12.94","3227"
"767","-","-","-","10.53","12.92","3223"
"766","-","-","4.92","10.52","12.91","3219"
"765","-","3.36","-","10.51","12.89","3216"
"764","-","-","4.91","10.50","12.88","3212"
"763","1.53","-","-","10.49","12.86","3208"
"762","-","3.35","4.90","10.48","12.84","3204"
"761","-","-","-","10.47","12.83","3200"
"760","-","-","4.89","10.46","12.81","3196"
"759","-","3.34","-","10.45","12.80","3192"
"758","-","-","4.88","10.44","12.78","3189"
"757","-","-","-","10.43","12.76","3185"
"756","-","3.33","4.87","10.42","12.75","3181"
"755","-","-","-","10.41","12.73","3177"
"754","1.52","-","4.86","10.40","12.71","3173"
"753","-","3.32","-","10.39","12.70","3169"
"752","-","-","-","10.38","12.68","3166"
"751","-","-","4.85","10.37","12.67","3162"
"750","-","3.31","-","10.36","12.65","3158"
"749","-","-","4.84","10.35","12.63","3154"
"748","-","-","-","10.34","12.62","3150"
"747","-","3.30","4.83","10.33","12.60","3146"
"746","-","-","-","10.32","12.59","3143"
"745","-","-","4.82","10.31","12.57","3139"
"744","1.51","3.29","-","10.30","12.55","3135"
"743","-","-","4.81","10.29","12.54","3131"
"742","-","-","-","10.27","12.52","3127"
"741","-","3.28","4.80","10.26","12.50","3123"
"740","-","-","-","10.25","12.49","3119"
"739","-","-","4.79","10.24","12.47","3116"
"738","-","3.27","-","10.23","12.46","3112"
"737","-","-","4.78","10.22","12.44","3108"
"736","-","-","-","10.21","12.42","3104"
"735","1.50","3.26","-","10.20","12.41","3100"
"734","-","-","4.77","10.19","12.39","3096"
"733","-","-","-","10.18","12.38","3093"
"732","-","3.25","4.76","10.17","12.36","3089"
"731","-","-","-","10.16","12.34","3085"
"730","-","-","4.75","10.15","12.33","3081"
"729","-","3.24","-","10.14","12.31","3077"
"728","-","-","4.74","10.13","12.29","3073"
"727","-","-","-","10.12","12.28","3069"
"726","-","3.23","4.73","10.11","12.26","3066"
"725","1.49","-","-","10.10","12.25","3062"
"724","-","-","4.72","10.09","12.23","3058"
"723","-","3.22","-","10.08","12.21","3054"
"722","-","-","4.71","10.07","12.20","3050"
"721","-","-","-","10.06","12.18","3046"
"720","-","3.21","4.70","10.05","12.17","3042"
"719","-","-","-","10.04","12.15","3039"
"718","-","-","4.69","10.03","12.13","3035"
"717","-","3.20","-","10.02","12.12","3031"
"716","1.48","-","-","10.01","12.10","3027"
"715","-","-","4.68","10.00","12.08","3023"
"714","-","3.19","-","9.99","12.07","3019"
"713","-","-","4.67","9.98","12.05","3016"
"712","-","-","-","9.97","12.04","3012"
"711","-","3.18","4.66","9.96","12.02","3008"
"710","-","-","-","9.95","12.00","3004"
"709","-","-","4.65","9.94","11.99","3000"
"708","-","3.17","-","9.93","11.97","2996"
"707","-","-","4.64","9.92","11.95","2992"
"706","1.47","-","-","9.91","11.94","2989"
"705","-","3.16","4.63","9.90","11.92","2985"
"704","-","-","-","9.89","11.91","2981"
"703","-","-","4.62","9.88","11.89","2977"
"702","-","3.15","-","9.87","11.87","2973"
"701","-","-","4.61","9.86","11.86","2969"
"700","-","-","-","9.85","11.84","2965"
"699","-","3.14","-","9.84","11.83","2962"
"698","-","-","4.60","9.83","11.81","2958"
"697","1.46","-","-","9.82","11.79","2954"
"696","-","3.13","4.59","9.81","11.78","2950"
"695","-","-","-","9.80","11.76","2946"
"694","-","-","4.58","9.79","11.74","2942"
"693","-","3.12","-","9.78","11.73","2938"
"692","-","-","4.57","9.77","11.71","2934"
"691","-","-","-","9.76","11.70","2931"
"690","-","3.11","4.56","9.75","11.68","2927"
"689","-","-","-","9.74","11.66","2923"
"688","-","-","4.55","9.73","11.65","2919"
"687","1.45","3.10","-","9.72","11.63","2915"
"686","-","-","4.54","9.71","11.62","2911"
"685","-","-","-","9.70","11.60","2907"
"684","-","3.09","4.53","9.69","11.58","2904"
"683","-","-","-","9.68","11.57","2900"
"682","-","-","4.52","9.67","11.55","2896"
"681","-","3.08","-","9.66","11.53","2892"
"680","-","-","-","9.65","11.52","2888"
"679","-","-","4.51","9.64","11.50","2884"
"678","1.44","3.07","-","9.63","11.49","2880"
"677","-","-","4.50","9.62","11.47","2877"
"676","-","-","-","9.61","11.45","2873"
"675","-","3.06","4.49","9.60","11.44","2869"
"674","-","-","-","9.59","11.42","2865"
"673","-","-","4.48","9.58","11.41","2861"
"672","-","3.05","-","9.57","11.39","2857"
"671","-","-","4.47","9.56","11.37","2853"
"670","-","-","-","9.55","11.36","2849"
"669","-","3.04","4.46","9.54","11.34","2846"
"668","1.43","-","-","9.53","11.32","2842"
"667","-","-","4.45","9.52","11.31","2838"
"666","-","3.03","-","9.51","11.29","2834"
"665","-","-","4.44","9.50","11.28","2830"
"664","-","-","-","9.49","11.26","2826"
"663","-","3.02","4.43","9.48","11.24","2822"
"662","-","-","-","9.47","11.23","2818"
"661","-","-","-","9.46","11.21","2815"
"660","-","3.01","4.42","9.45","11.19","2811"
"659","1.42","-","-","9.43","11.18","2807"
"658","-","-","4.41","9.42","11.16","2803"
"657","-","3.00","-","9.41","11.15","2799"
"656","-","-","4.40","9.40","11.13","2795"
"655","-","-","-","9.39","11.11","2791"
"654","-","2.99","4.39","9.38","11.10","2787"
"653","-","-","-","9.37","11.08","2784"
"652","-","-","4.38","9.36","11.07","2780"
"651","-","2.98","-","9.35","11.05","2776"
"650","-","-","4.37","9.34","11.03","2772"
"649","1.41","-","-","9.33","11.02","2768"
"648","-","2.97","4.36","9.32","11.00","2764"
"647","-","-","-","9.31","10.98","2760"
"646","-","-","4.35","9.30","10.97","2756"
"645","-","2.96","-","9.29","10.95","2753"
"644","-","-","4.34","9.28","10.94","2749"
"643","-","-","-","9.27","10.92","2745"
"642","-","2.95","-","9.26","10.90","2741"
"641","-","-","4.33","9.25","10.89","2737"
"640","1.40","-","-","9.24","10.87","2733"
"639","-","2.94","4.32","9.23","10.85","2729"
"638","-","-","-","9.22","10.84","2725"
"637","-","-","4.31","9.21","10.82","2722"
"636","-","2.93","-","9.20","10.81","2718"
"635","-","-","4.30","9.19","10.79","2714"
"634","-","-","-","9.18","10.77","2710"
"633","-","2.92","4.29","9.17","10.76","2706"
"632","-","-","-","9.16","10.74","2702"
"631","1.39","-","4.28","9.15","10.73","2698"
"630","-","2.91","-","9.14","10.71","2694"
"629","-","-","4.27","9.13","10.69","2690"
"628","-","-","-","9.12","10.68","2687"
"627","-","2.90","4.26","9.11","10.66","2683"
"626","-","-","-","9.10","10.64","2679"
"625","-","-","4.25","9.09","10.63","2675"
"624","-","2.89","-","9.08","10.61","2671"
"623","-","-","-","9.07","10.60","2667"
"622","-","-","4.24","9.06","10.58","2663"
"621","1.38","2.88","-","9.05","10.56","2659"
"620","-","-","4.23","9.04","10.55","2656"
"619","-","-","-","9.03","10.53","2652"
"618","-","2.87","4.22","9.02","10.51","2648"
"617","-","-","-","9.01","10.50","2644"
"616","-","-","4.21","9.00","10.48","2640"
"615","-","2.86","-","8.99","10.47","2636"
"614","-","-","4.20","8.98","10.45","2632"
"613","-","-","-","8.97","10.43","2628"
"612","1.37","2.85","4.19","8.96","10.42","2624"
"611","-","-","-","8.95","10.40","2621"
"610","-","-","4.18","8.94","10.39","2617"
"609","-","2.84","-","8.93","10.37","2613"
"608","-","-","4.17","8.92","10.35","2609"
"607","-","-","-","8.91","10.34","2605"
"606","-","2.83","4.16","8.90","10.32","2601"
"605","-","-","-","8.89","10.30","2597"
"604","-","-","4.15","8.87","10.29","2593"
"603","-","2.82","-","8.86","10.27","2589"
"602","1.36","-","-","8.85","10.26","2586"
"601","-","-","4.14","8.84","10.24","2582"
"600","-","2.81","-","8.83","10.22","2578"
"599","-","-","4.13","8.82","10.21","2574"
"598","-","-","-","8.81","10.19","2570"
"597","-","2.80","4.12","8.80","10.17","2566"
"596","-","-","-","8.79","10.16","2562"
"595","-","-","4.11","8.78","10.14","2558"
"594","-","2.79","-","8.77","10.13","2554"
"593","1.35","-","4.10","8.76","10.11","2550"
"592","-","-","-","8.75","10.09","2547"
"591","-","2.78","4.09","8.74","10.08","2543"
"590","-","-","-","8.73","10.06","2539"
"589","-","-","4.08","8.72","10.04","2535"
"588","-","2.77","-","8.71","10.03","2531"
"587","-","-","4.07","8.70","10.01","2527"
"586","-","-","-","8.69","10.00","2523"
"585","-","2.76","4.06","8.68","9.98","2519"
"584","1.34","-","-","8.67","9.96","2515"
"583","-","-","4.05","8.66","9.95","2511"
"582","-","2.75","-","8.65","9.93","2508"
"581","-","-","-","8.64","9.92","2504"
"580","-","-","4.04","8.63","9.90","2500"
"579","-","2.74","-","8.62","9.88","2496"
"578","-","-","4.03","8.61","9.87","2492"
"577","-","-","-","8.60","9.85","2488"
"576","-","2.73","4.02","8.59","9.83","2484"
"575","-","-","-","8.58","9.82","2480"
"574","1.33","-","4.01","8.57","9.80","2476"
"573","-","2.72","-","8.56","9.79","2472"
"572","-","-","4.00","8.55","9.77","2469"
"571","-","-","-","8.54","9.75","2465"
"570","-","2.71","3.99","8.53","9.74","2461"
"569","-","-","-","8.52","9.72","2457"
"568","-","-","3.98","8.51","9.70","2453"
"567","-","2.70","-","8.50","9.69","2449"
"566","-","-","3.97","8.49","9.67","2445"
"565","1.32","-","-","8.48","9.66","2441"
"564","-","2.69","3.96","8.47","9.64","2437"
"563","-","-","-","8.46","9.62","2433"
"562","-","-","3.95","8.45","9.61","2430"
"561","-","2.68","-","8.44","9.59","2426"
"560","-","-","3.94","8.42","9.57","2422"
"559","-","-","-","8.41","9.56","2418"
"558","-","2.67","-","8.40","9.54","2414"
"557","-","-","3.93","8.39","9.53","2410"
"556","-","-","-","8.38","9.51","2406"
"555","1.31","2.66","3.92","8.37","9.49","2402"
"554","-","-","-","8.36","9.48","2398"
"553","-","-","3.91","8.35","9.46","2394"
"552","-","2.65","-","8.34","9.44","2390"
"551","-","-","3.90","8.33","9.43","2387"
"550","-","2.64","-","8.32","9.41","2383"
"549","-","-","3.89","8.31","9.40","2379"
"548","-","-","-","8.30","9.38","2375"
"547","-","2.63","3.88","8.29","9.36","2371"
"546","1.30","-","-","8.28","9.35","2367"
"545","-","-","3.87","8.27","9.33","2363"
"544","-","2.62","-","8.26","9.31","2359"
"543","-","-","3.86","8.25","9.30","2355"
"542","-","-","-","8.24","9.28","2351"
"541","-","2.61","3.85","8.23","9.27","2347"
"540","-","-","-","8.22","9.25","2343"
"539","-","-","3.84","8.21","9.23","2340"
"538","-","2.60","-","8.20","9.22","2336"
"537","1.29","-","3.83","8.19","9.20","2332"
"536","-","-","-","8.18","9.18","2328"
"535","-","2.59","3.82","8.17","9.17","2324"
"534","-","-","-","8.16","9.15","2320"
"533","-","-","-","8.15","9.14","2316"
"532","-","2.58","3.81","8.14","9.12","2312"
"531","-","-","-","8.13","9.10","2308"
"530","-","-","3.80","8.12","9.09","2304"
"529","-","2.57","-","8.11","9.07","2300"
"528","-","-","3.79","8.10","9.06","2296"
"527","1.28","-","-","8.09","9.04","2293"
"526","-","2.56","3.78","8.08","9.02","2289"
"525","-","-","-","8.07","9.01","2285"
"524","-","-","3.77","8.06","8.99","2281"
"523","-","2.55","-","8.05","8.97","2277"
"522","-","-","3.76","8.03","8.96","2273"
"521","-","-","-","8.02","8.94","2269"
"520","-","2.54","3.75","8.01","8.93","2265"
"519","-","-","-","8.00","8.91","2261"
"518","1.27","-","3.74","7.99","8.89","2257"
"517","-","2.53","-","7.98","8.88","2253"
"516","-","-","3.73","7.97","8.86","2249"
"515","-","-","-","7.96","8.84","2245"
"514","-","2.52","3.72","7.95","8.83","2242"
"513","-","-","-","7.94","8.81","2238"
"512","-","-","3.71","7.93","8.80","2234"
"511","-","2.51","-","7.92","8.78","2230"
"510","-","-","-","7.91","8.76","2226"
"509","1.26","-","3.70","7.90","8.75","2222"
"508","-","2.50","-","7.89","8.73","2218"
"507","-","-","3.69","7.88","8.71","2214"
"506","-","-","-","7.87","8.70","2210"
"505","-","2.49","3.68","7.86","8.68","2206"
"504","-","-","-","7.85","8.67","2202"
"503","-","-","3.67","7.84","8.65","2198"
"502","-","2.48","-","7.83","8.63","2194"
"501","-","-","3.66","7.82","8.62","2191"
"500","1.25","-","-","7.81","8.60","2187"
"499","-","2.47","3.65","7.80","8.58","2183"
"498","-","-","-","7.79","8.57","2179"
"497","-","-","3.64","7.78","8.55","2175"
"496","-","2.46","-","7.77","8.54","2171"
"495","-","-","3.63","7.76","8.52","2167"
"494","-","-","-","7.75","8.50","2163"
"493","-","2.45","3.62","7.74","8.49","2159"
"492","-","-","-","7.73","8.47","2155"
"491","-","-","3.61","7.72","8.45","2151"
"490","1.24","2.44","-","7.71","8.44","2147"
"489","-","-","3.60","7.70","8.42","2143"
"488","-","-","-","7.68","8.41","2139"
"487","-","2.43","3.59","7.67","8.39","2135"
"486","-","-","-","7.66","8.37","2132"
"485","-","2.42","3.58","7.65","8.36","2128"
"484","-","-","-","7.64","8.34","2124"
"483","-","-","-","7.63","8.32","2120"
"482","-","2.41","3.57","7.62","8.31","2116"
"481","1.23","-","-","7.61","8.29","2112"
"480","-","-","3.56","7.60","8.28","2108"
"479","-","2.40","-","7.59","8.26","2104"
"478","-","-","3.55","7.58","8.24","2100"
"477","-","-","-","7.57","8.23","2096"
"476","-","2.39","3.54","7.56","8.21","2092"
"475","-","-","-","7.55","8.19","2088"
"474","-","-","3.53","7.54","8.18","2084"
"473","-","2.38","-","7.53","8.16","2080"
"472","1.22","-","3.52","7.52","8.15","2076"
"471","-","-","-","7.51","8.13","2072"
"470","-","2.37","3.51","7.50","8.11","2069"
"469","-","-","-","7.49","8.10","2065"
"468","-","-","3.50","7.48","8.08","2061"
"467","-","2.36","-","7.47","8.06","2057"
"466","-","-","3.49","7.46","8.05","2053"
"465","-","-","-","7.45","8.03","2049"
"464","-","2.35","3.48","7.44","8.02","2045"
"463","-","-","-","7.43","8.00","2041"
"462","1.21","-","3.47","7.42","7.98","2037"
"461","-","2.34","-","7.41","7.97","2033"
"460","-","-","3.46","7.40","7.95","2029"
"459","-","-","-","7.39","7.93","2025"
"458","-","2.33","3.45","7.37","7.92","2021"
"457","-","-","-","7.36","7.90","2017"
"456","-","-","3.44","7.35","7.89","2013"
"455","-","2.32","-","7.34","7.87","2009"
"454","-","-","-","7.33","7.85","2005"
"453","1.20","-","3.43","7.32","7.84","2002"
"452","-","2.31","-","7.31","7.82","1998"
"451","-","-","3.42","7.30","7.80","1994"
"450","-","-","-","7.29","7.79","1990"
"449","-","2.30","3.41","7.28","7.77","1986"
"448","-","-","-","7.27","7.75","1982"
"447","-","-","3.40","7.26","7.74","1978"
"446","-","2.29","-","7.25","7.72","1974"
"445","-","-","3.39","7.24","7.71","1970"
"444","1.19","-","-","7.23","7.69","1966"
"443","-","2.28","3.38","7.22","7.67","1962"
"442","-","-","-","7.21","7.66","1958"
"441","-","-","3.37","7.20","7.64","1954"
"440","-","2.27","-","7.19","7.62","1950"
"439","-","-","3.36","7.18","7.61","1946"
"438","-","2.26","-","7.17","7.59","1942"
"437","-","-","3.35","7.16","7.58","1938"
"436","-","-","-","7.15","7.56","1934"
"435","1.18","2.25","3.34","7.14","7.54","1930"
"434","-","-","-","7.13","7.53","1926"
"433","-","-","3.33","7.12","7.51","1923"
"432","-","2.24","-","7.11","7.49","1919"
"431","-","-","3.32","7.10","7.48","1915"
"430","-","-","-","7.08","7.46","1911"
"429","-","2.23","3.31","7.07","7.45","1907"
"428","-","-","-","7.06","7.43","1903"
"427","-","-","3.30","7.05","7.41","1899"
"426","-","2.22","-","7.04","7.40","1895"
"425","1.17","-","-","7.03","7.38","1891"
"424","-","-","3.29","7.02","7.36","1887"
"423","-","2.21","-","7.01","7.35","1883"
"422","-","-","3.28","7.00","7.33","1879"
"421","-","-","-","6.99","7.32","1875"
"420","-","2.20","3.27","6.98","7.30","1871"
"419","-","-","-","6.97","7.28","1867"
"418","-","-","3.26","6.96","7.27","1863"
"417","-","2.19","-","6.95","7.25","1859"
"416","1.16","-","3.25","6.94","7.23","1855"
"415","-","-","-","6.93","7.22","1851"
"414","-","2.18","3.24","6.92","7.20","1847"
"413","-","-","-","6.91","7.19","1843"
"412","-","-","3.23","6.90","7.17","1839"
"411","-","2.17","-","6.89","7.15","1835"
"410","-","-","3.22","6.88","7.14","1832"
"409","-","-","-","6.87","7.12","1828"
"408","-","2.16","3.21","6.86","7.10","1824"
"407","1.15","-","-","6.85","7.09","1820"
"406","-","-","3.20","6.84","7.07","1816"
"405","-","2.15","-","6.83","7.06","1812"
"404","-","-","3.19","6.81","7.04","1808"
"403","-","-","-","6.80","7.02","1804"
"402","-","2.14","3.18","6.79","7.01","1800"
"401","-","-","-","6.78","6.99","1796"
"400","-","-","3.17","6.77","6.97","1792"
"399","-","2.13","-","6.76","6.96","1788"
"398","1.14","-","3.16","6.75","6.94","1784"
"397","-","2.12","-","6.74","6.92","1780"
"396","-","-","3.15","6.73","6.91","1776"
"395","-","-","-","6.72","6.89","1772"
"394","-","2.11","3.14","6.71","6.88","1768"
"393","-","-","-","6.70","6.86","1764"
"392","-","-","-","6.69","6.84","1760"
"391","-","2.10","3.13","6.68","6.83","1756"
"390","-","-","-","6.67","6.81","1752"
"389","-","-","3.12","6.66","6.79","1748"
"388","1.13","2.09","-","6.65","6.78","1744"
"387","-","-","3.11","6.64","6.76","1740"
"386","-","-","-","6.63","6.75","1736"
"385","-","2.08","3.10","6.62","6.73","1732"
"384","-","-","-","6.61","6.71","1728"
"383","-","-","3.09","6.60","6.70","1724"
"382","-","2.07","-","6.59","6.68","1720"
"381","-","-","3.08","6.58","6.66","1716"
"380","-","-","-","6.57","6.65","1713"
"379","1.12","2.06","3.07","6.55","6.63","1709"
"378","-","-","-","6.54","6.62","1705"
"377","-","-","3.06","6.53","6.60","1701"
"376","-","2.05","-","6.52","6.58","1697"
"375","-","-","3.05","6.51","6.57","1693"
"374","-","-","-","6.50","6.55","1689"
"373","-","2.04","3.04","6.49","6.53","1685"
"372","-","-","-","6.48","6.52","1681"
"371","-","-","3.03","6.47","6.50","1677"
"370","1.11","2.03","-","6.46","6.48","1673"
"369","-","-","3.02","6.45","6.47","1669"
"368","-","-","-","6.44","6.45","1665"
"367","-","2.02","3.01","6.43","6.44","1661"
"366","-","-","-","6.42","6.42","1657"
"365","-","-","3.00","6.41","6.40","1653"
"364","-","2.01","-","6.40","6.39","1649"
"363","-","-","2.99","6.39","6.37","1645"
"362","-","2.00","-","6.38","6.35","1641"
"361","1.10","-","2.98","6.37","6.34","1637"
"360","-","-","-","6.36","6.32","1633"
"359","-","1.99","2.97","6.35","6.31","1629"
"358","-","-","-","6.34","6.29","1625"
"357","-","-","2.96","6.33","6.27","1621"
"356","-","1.98","-","6.31","6.26","1617"
"355","-","-","-","6.30","6.24","1613"
"354","-","-","2.95","6.29","6.22","1609"
"353","-","1.97","-","6.28","6.21","1605"
"352","1.09","-","2.94","6.27","6.19","1601"
"351","-","-","-","6.26","6.18","1597"
"350","-","1.96","2.93","6.25","6.16","1593"
"349","-","-","-","6.24","6.14","1589"
"348","-","-","2.92","6.23","6.13","1585"
"347","-","1.95","-","6.22","6.11","1581"
"346","-","-","2.91","6.21","6.09","1577"
"345","-","-","-","6.20","6.08","1573"
"344","-","1.94","2.90","6.19","6.06","1569"
"343","-","-","-","6.18","6.04","1565"
"342","1.08","-","2.89","6.17","6.03","1561"
"341","-","1.93","-","6.16","6.01","1557"
"340","-","-","2.88","6.15","6.00","1553"
"339","-","-","-","6.14","5.98","1549"
"338","-","1.92","2.87","6.13","5.96","1545"
"337","-","-","-","6.12","5.95","1541"
"336","-","-","2.86","6.11","5.93","1537"
"335","-","1.91","-","6.10","5.91","1533"
"334","-","-","2.85","6.09","5.90","1529"
"333","1.07","-","-","6.07","5.88","1525"
"332","-","1.90","2.84","6.06","5.87","1521"
"331","-","-","-","6.05","5.85","1517"
"330","-","1.89","2.83","6.04","5.83","1513"
"329","-","-","-","6.03","5.82","1509"
"328","-","-","2.82","6.02","5.80","1505"
"327","-","1.88","-","6.01","5.78","1501"
"326","-","-","2.81","6.00","5.77","1497"
"325","-","-","-","5.99","5.75","1493"
"324","1.06","1.87","2.80","5.98","5.73","1489"
"323","-","-","-","5.97","5.72","1485"
"322","-","-","2.79","5.96","5.70","1481"
"321","-","1.86","-","5.95","5.69","1477"
"320","-","-","2.78","5.94","5.67","1473"
"319","-","-","-","5.93","5.65","1469"
"318","-","1.85","2.77","5.92","5.64","1465"
"317","-","-","-","5.91","5.62","1461"
"316","-","-","2.76","5.90","5.60","1457"
"315","1.05","1.84","-","5.89","5.59","1454"
"314","-","-","2.75","5.88","5.57","1450"
"313","-","-","-","5.87","5.56","1446"
"312","-","1.83","-","5.85","5.54","1442"
"311","-","-","2.74","5.84","5.52","1438"
"310","-","-","-","5.83","5.51","1434"
"309","-","1.82","2.73","5.82","5.49","1430"
"308","-","-","-","5.81","5.47","1426"
"307","-","-","2.72","5.80","5.46","1422"
"306","1.04","1.81","-","5.79","5.44","1418"
"305","-","-","2.71","5.78","5.42","1414"
"304","-","-","-","5.77","5.41","1410"
"303","-","1.80","2.70","5.76","5.39","1406"
"302","-","-","-","5.75","5.38","1402"
"301","-","1.79","2.69","5.74","5.36","1398"
"300","-","-","-","5.73","5.34","1394"
"299","-","-","2.68","5.72","5.33","1390"
"298","-","1.78","-","5.71","5.31","1386"
"297","1.03","-","2.67","5.70","5.29","1381"
"296","-","-","-","5.69","5.28","1377"
"295","-","1.77","2.66","5.68","5.26","1373"
"294","-","-","-","5.67","5.24","1369"
"293","-","-","2.65","5.66","5.23","1365"
"292","-","1.76","-","5.64","5.21","1361"
"291","-","-","2.64","5.63","5.20","1357"
"290","-","-","-","5.62","5.18","1353"
"289","-","1.75","2.63","5.61","5.16","1349"
"288","1.02","-","-","5.60","5.15","1345"
"287","-","-","2.62","5.59","5.13","1341"
"286","-","1.74","-","5.58","5.11","1337"
"285","-","-","2.61","5.57","5.10","1333"
"284","-","-","-","5.56","5.08","1329"
"283","-","1.73","2.60","5.55","5.07","1325"
"282","-","-","-","5.54","5.05","1321"
"281","-","-","2.59","5.53","5.03","1317"
"280","-","1.72","-","5.52","5.02","1313"
"279","-","-","2.58","5.51","5.00","1309"
"278","1.01","-","-","5.50","4.98","1305"
"277","-","1.71","2.57","5.49","4.97","1301"
"276","-","-","-","5.48","4.95","1297"
"275","-","1.70","2.56","5.47","4.93","1293"
"274","-","-","-","5.46","4.92","1289"
"273","-","-","2.55","5.44","4.90","1285"
"272","-","1.69","-","5.43","4.89","1281"
"271","-","-","2.54","5.42","4.87","1277"
"270","-","-","-","5.41","4.85","1273"
"269","1.00","1.68","2.53","5.40","4.84","1269"
"268","-","-","-","5.39","4.82","1265"
"267","-","-","2.52","5.38","4.80","1261"
"266","-","1.67","-","5.37","4.79","1257"
"265","-","-","2.51","5.36","4.77","1253"
"264","-","-","-","5.35","4.75","1249"
"263","-","1.66","2.50","5.34","4.74","1245"
"262","-","-","-","5.33","4.72","1241"
"261","-","-","2.49","5.32","4.71","1237"
"260","0.99","1.65","-","5.31","4.69","1233"
"259","-","-","-","5.30","4.67","1229"
"258","-","-","2.48","5.29","4.66","1225"
"257","-","1.64","-","5.28","4.64","1221"
"256","-","-","2.47","5.27","4.62","1217"
"255","-","-","-","5.26","4.61","1213"
"254","-","1.63","2.46","5.24","4.59","1209"
"253","-","-","-","5.23","4.58","1205"
"252","-","-","2.45","5.22","4.56","1201"
"251","0.98","1.62","-","5.21","4.54","1197"
"250","-","-","2.44","5.20","4.53","1193"
"249","-","1.61","-","5.19","4.51","1189"
"248","-","-","2.43","5.18","4.49","1185"
"247","-","-","-","5.17","4.48","1181"
"246","-","1.60","2.42","5.16","4.46","1177"
"245","-","-","-","5.15","4.44","1173"
"244","-","-","2.41","5.14","4.43","1169"
"243","-","1.59","-","5.13","4.41","1165"
"242","0.97","-","2.40","5.12","4.40","1161"
"241","-","-","-","5.11","4.38","1157"
"240","-","1.58","2.39","5.10","4.36","1153"
"239","-","-","-","5.09","4.35","1149"
"238","-","-","2.38","5.08","4.33","1145"
"237","-","1.57","-","5.07","4.31","1141"
"236","-","-","2.37","5.05","4.30","1137"
"235","-","-","-","5.04","4.28","1133"
"234","-","1.56","2.36","5.03","4.26","1129"
"233","0.96","-","-","5.02","4.25","1124"
"232","-","-","2.35","5.01","4.23","1120"
"231","-","1.55","-","5.00","4.22","1116"
"230","-","-","2.34","4.99","4.20","1112"
"229","-","-","-","4.98","4.18","1108"
"228","-","1.54","2.33","4.97","4.17","1104"
"227","-","-","-","4.96","4.15","1100"
"226","-","1.53","2.32","4.95","4.13","1096"
"225","-","-","-","4.94","4.12","1092"
"224","0.95","-","2.31","4.93","4.10","1088"
"223","-","1.52","-","4.92","4.08","1084"
"222","-","-","2.30","4.91","4.07","1080"
"221","-","-","-","4.90","4.05","1076"
"220","-","1.51","2.29","4.89","4.04","1072"
"219","-","-","-","4.88","4.02","1068"
"218","-","-","2.28","4.86","4.00","1064"
"217","-","1.50","-","4.85","3.99","1060"
"216","-","-","2.27","4.84","3.97","1056"
"215","0.94","-","-","4.83","3.95","1052"
"214","-","1.49","2.26","4.82","3.94","1048"
"213","-","-","-","4.81","3.92","1044"
"212","-","-","2.25","4.80","3.90","1040"
"211","-","1.48","-","4.79","3.89","1036"
"210","-","-","2.24","4.78","3.87","1032"
"209","-","-","-","4.77","3.86","1028"
"208","-","1.47","2.23","4.76","3.84","1024"
"207","-","-","-","4.75","3.82","1020"
"206","0.93","-","2.22","4.74","3.81","1016"
"205","-","1.46","-","4.73","3.79","1012"
"204","-","-","2.21","4.72","3.77","1008"
"203","-","1.45","-","4.71","3.76","1003"
"202","-","-","2.20","4.70","3.74","999"
"201","-","-","-","4.68","3.72","995"
"200","-","1.44","2.19","4.67","3.71","991"
"199","-","-","-","4.66","3.69","987"
"198","-","-","2.18","4.65","3.68","983"
"197","0.92","1.43","-","4.64","3.66","979"
"196","-","-","2.17","4.63","3.64","975"
"195","-","-","-","4.62","3.63","971"
"194","-","1.42","2.16","4.61","3.61","967"
"193","-","-","-","4.60","3.59","963"
"192","-","-","2.15","4.59","3.58","959"
"191","-","1.41","-","4.58","3.56","955"
"190","-","-","2.14","4.57","3.54","951"
"189","-","-","-","4.56","3.53","947"
"188","0.91","1.40","2.13","4.55","3.51","943"
"187","-","-","-","4.54","3.50","939"
"186","-","-","2.12","4.53","3.48","935"
"185","-","1.39","-","4.52","3.46","931"
"184","-","-","-","4.50","3.45","927"
"183","-","1.38","2.11","4.49","3.43","923"
"182","-","-","-","4.48","3.41","919"
"181","-","-","2.10","4.47","3.40","915"
"180","-","1.37","-","4.46","3.38","910"
"179","0.90","-","2.09","4.45","3.36","906"
"178","-","-","-","4.44","3.35","902"
"177","-","1.36","2.08","4.43","3.33","898"
"176","-","-","-","4.42","3.32","894"
"175","-","-","2.07","4.41","3.30","890"
"174","-","1.35","-","4.40","3.28","886"
"173","-","-","2.06","4.39","3.27","882"
"172","-","-","-","4.38","3.25","878"
"171","-","1.34","2.05","4.37","3.23","874"
"170","0.89","-","-","4.36","3.22","870"
"169","-","-","2.04","4.35","3.20","866"
"168","-","1.33","-","4.33","3.18","862"
"167","-","-","2.03","4.32","3.17","858"
"166","-","-","-","4.31","3.15","854"
"165","-","1.32","2.02","4.30","3.14","850"
"164","-","-","-","4.29","3.12","846"
"163","-","1.31","2.01","4.28","3.10","842"
"162","-","-","-","4.27","3.09","838"
"161","0.88","-","2.00","4.26","3.07","833"
"160","-","1.30","-","4.25","3.05","829"
"159","-","-","1.99","4.24","3.04","825"
"158","-","-","-","4.23","3.02","821"
"157","-","1.29","1.98","4.22","3.00","817"
"156","-","-","-","4.21","2.99","813"
"155","-","-","1.97","4.20","2.97","809"
"154","-","1.28","-","4.19","2.95","805"
"153","-","-","1.96","4.18","2.94","801"
"152","0.87","-","-","4.16","2.92","797"
"151","-","1.27","1.95","4.15","2.91","793"
"150","-","-","-","4.14","2.89","789"
"149","-","-","1.94","4.13","2.87","785"
"148","-","1.26","-","4.12","2.86","781"
"147","-","-","1.93","4.11","2.84","777"
"146","-","-","-","4.10","2.82","773"
"145","-","1.25","1.92","4.09","2.81","769"
"144","-","-","-","4.08","2.79","764"
"143","0.86","1.24","1.91","4.07","2.77","760"
"142","-","-","-","4.06","2.76","756"
"141","-","-","1.90","4.05","2.74","752"
"140","-","1.23","-","4.04","2.73","748"
"139","-","-","1.89","4.03","2.71","744"
"138","-","-","-","4.02","2.69","740"
"137","-","1.22","1.88","4.00","2.68","736"
"136","-","-","-","3.99","2.66","732"
"135","-","-","1.87","3.98","2.64","728"
"134","0.85","1.21","-","3.97","2.63","724"
"133","-","-","1.86","3.96","2.61","720"
"132","-","-","-","3.95","2.59","716"
"131","-","1.20","1.85","3.94","2.58","712"
"130","-","-","-","3.93","2.56","708"
"129","-","-","1.84","3.92","2.55","703"
"128","-","1.19","-","3.91","2.53","699"
"127","-","-","1.83","3.90","2.51","695"
"126","-","-","-","3.89","2.50","691"
"125","0.84","1.18","1.82","3.88","2.48","687"
"124","-","-","-","3.87","2.46","683"
"123","-","1.17","1.81","3.86","2.45","679"
"122","-","-","-","3.84","2.43","675"
"121","-","-","1.80","3.83","2.41","671"
"120","-","1.16","-","3.82","2.40","667"
"119","-","-","1.79","3.81","2.38","663"
"118","-","-","-","3.80","2.36","659"
"117","-","1.15","1.78","3.79","2.35","655"
"116","0.83","-","-","3.78","2.33","651"
"115","-","-","1.77","3.77","2.32","646"
"114","-","1.14","-","3.76","2.30","642"
"113","-","-","1.76","3.75","2.28","638"
"112","-","-","-","3.74","2.27","634"
"111","-","1.13","1.75","3.73","2.25","630"
"110","-","-","-","3.72","2.23","626"
"109","-","-","1.74","3.71","2.22","622"
"108","-","1.12","-","3.69","2.20","618"
"107","0.82","-","1.73","3.68","2.18","614"
"106","-","1.11","-","3.67","2.17","610"
"105","-","-","1.72","3.66","2.15","606"
"104","-","-","-","3.65","2.14","602"
"103","-","1.10","1.71","3.64","2.12","598"
"102","-","-","-","3.63","2.10","593"
"101","-","-","1.70","3.62","2.09","589"
"100","-","1.09","-","3.61","2.07","585"
"99","-","-","1.69","3.60","2.05","581"
"98","0.81","-","-","3.59","2.04","577"
"97","-","1.08","1.68","3.58","2.02","573"
"96","-","-","-","3.57","2.00","569"
"95","-","-","1.67","3.56","1.99","565"
"94","-","1.07","-","3.55","1.97","561"
"93","-","-","1.66","3.53","1.95","557"
"92","-","-","-","3.52","1.94","553"
"91","-","1.06","1.65","3.51","1.92","549"
"90","-","-","-","3.50","1.91","544"
"89","0.80","-","1.64","3.49","1.89","540"
"88","-","1.05","-","3.48","1.87","536"
"87","-","-","1.63","3.47","1.86","532"
"86","-","1.04","-","3.46","1.84","528"
"85","-","-","1.62","3.45","1.82","524"
"84","-","-","-","3.44","1.81","520"
"83","-","1.03","1.61","3.43","1.79","516"
"82","-","-","-","3.42","1.77","512"
"81","-","-","1.60","3.41","1.76","508"
"80","0.79","1.02","-","3.40","1.74","504"
"79","-","-","1.59","3.38","1.72","500"
"78","-","-","-","3.37","1.71","495"
"77","-","1.01","1.58","3.36","1.69","491"
"76","-","-","-","3.35","1.68","487"
"75","-","-","1.57","3.34","1.66","483"
"74","-","1.00","-","3.33","1.64","479"
"73","-","-","1.56","3.32","1.63","475"
"72","-","-","-","3.31","1.61","471"
"71","0.78","0.99","1.55","3.30","1.59","467"
"70","-","-","-","3.29","1.58","463"
"69","-","0.98","1.54","3.28","1.56","459"
"68","-","-","-","3.27","1.54","455"
"67","-","-","1.53","3.26","1.53","450"
"66","-","0.97","-","3.25","1.51","446"
"65","-","-","1.52","3.23","1.49","442"
"64","-","-","-","3.22","1.48","438"
"63","-","0.96","1.51","3.21","1.46","434"
"62","0.77","-","-","3.20","1.45","430"
"61","-","-","1.50","3.19","1.43","426"
"60","-","0.95","-","3.18","1.41","422"
"59","-","-","1.49","3.17","1.40","418"
"58","-","-","-","3.16","1.38","414"
"57","-","0.94","1.48","3.15","1.36","409"
"56","-","-","-","3.14","1.35","405"
"55","-","0.93","1.47","3.13","1.33","401"
"54","-","-","-","3.12","1.31","397"
"53","0.76","-","1.46","3.11","1.30","393"
"52","-","0.92","-","3.09","1.28","389"
"51","-","-","1.45","3.08","1.27","385"
"50","-","-","-","3.07","1.25","381"
"49","-","0.91","1.44","3.06","1.23","377"
"48","-","-","-","3.05","1.22","373"
"47","-","-","1.43","3.04","1.20","369"
"46","-","0.90","-","3.03","1.18","364"
"45","-","-","1.42","3.02","1.17","360"
"44","0.75","-","-","3.01","1.15","356"
"43","-","0.89","1.41","3.00","1.13","352"
"42","-","-","-","2.99","1.12","348"
"41","-","-","1.40","2.98","1.10","344"
"40","-","0.88","-","2.97","1.08","340"
"39","-","-","1.39","2.95","1.07","336"
"38","-","0.87","-","2.94","1.05","332"
"37","-","-","1.38","2.93","1.04","327"
"36","-","-","-","2.92","1.02","323"
"35","0.74","0.86","1.37","2.91","1.00","319"
"34","-","-","-","2.90","0.99","315"
"33","-","-","1.36","2.89","0.97","311"
"32","-","0.85","-","2.88","0.95","307"
"31","-","-","1.35","2.87","0.94","303"
"30","-","-","-","2.86","0.92","299"
"29","-","0.84","1.34","2.85","0.90","295"
"28","-","-","-","2.84","0.89","291"
"27","-","-","1.33","2.83","0.87","286"
"26","0.73","0.83","-","2.81","0.85","282"
"25","-","-","1.32","2.80","0.84","278"
"24","-","-","-","2.79","0.82","274"
"23","-","0.82","1.31","2.78","0.80","270"
"22","-","-","-","2.77","0.79","266"
"21","-","0.81","1.30","2.76","0.77","262"
"20","-","-","-","2.75","0.76","258"
"19","-","-","1.29","2.74","0.74","254"
"18","-","0.80","-","2.73","0.72","249"
"17","0.72","-","1.28","2.72","0.71","245"
"16","-","-","-","2.71","0.69","241"
"15","-","0.79","1.27","2.70","0.67","237"
"14","-","-","-","2.69","0.66","233"
"13","-","-","1.26","2.67","0.64","229"
"12","-","0.78","-","2.66","0.62","225"
"11","-","-","1.25","2.65","0.61","221"
"10","-","-","-","2.64","0.59","216"
"9","0.71","0.77","1.24","2.63","0.57","212"
"8","-","-","-","2.62","0.56","208"
"7","-","0.76","1.23","2.61","0.54","204"
"6","-","-","-","2.60","0.53","200"
"5","-","-","1.22","2.59","0.51","196"
"4","-","0.75","-","2.58","0.49","192"
"3","-","-","1.21","2.57","0.48","188"
"2","-","-","-","2.56","0.46","184"
"1","-","0.74","1.20","2.54","0.44","179"
