"Points","HJ","PV","LJ","TJ","SP","DT","HT","JT","Heptathlon"
"1400","-","5.41","7.82","16.73","23.07","77.74","88.89","77.29","7635"
"1399","2.18","-","-","16.72","23.05","77.69","88.83","77.24","7630"
"1398","-","-","7.81","16.71","23.03","77.64","88.77","77.18","7625"
"1397","-","5.40","-","16.70","23.02","77.58","88.70","77.13","7620"
"1396","-","-","7.80","16.69","23.00","77.53","88.64","77.08","7615"
"1395","-","-","-","16.68","22.99","77.47","88.58","77.02","7610"
"1394","-","5.39","7.79","16.67","22.97","77.42","88.52","76.97","7605"
"1393","-","-","-","16.66","22.95","77.37","88.46","76.92","7600"
"1392","-","-","7.78","16.65","22.94","77.31","88.40","76.86","7595"
"1391","-","5.38","-","16.64","22.92","77.26","88.34","76.81","7590"
"1390","-","-","-","16.63","22.91","77.21","88.27","76.75","7585"
"1389","2.17","-","7.77","16.62","22.89","77.15","88.21","76.70","7580"
"1388","-","5.37","-","-","22.87","77.10","88.15","76.65","7575"
"1387","-","-","7.76","16.61","22.86","77.04","88.09","76.59","7570"
"1386","-","-","-","16.60","22.84","76.99","88.03","76.54","7565"
"1385","-","5.36","7.75","16.59","22.83","76.94","87.97","76.49","7560"
"1384","-","-","-","16.58","22.81","76.88","87.91","76.43","7555"
"1383","-","-","7.74","16.57","22.80","76.83","87.84","76.38","7550"
"1382","-","-","-","16.56","22.78","76.77","87.78","76.33","7545"
"1381","-","5.35","-","16.55","22.76","76.72","87.72","76.27","7540"
"1380","-","-","7.73","16.54","22.75","76.67","87.66","76.22","7535"
"1379","2.16","-","-","16.53","22.73","76.61","87.60","76.17","7530"
"1378","-","5.34","7.72","16.52","22.72","76.56","87.54","76.11","7526"
"1377","-","-","-","16.51","22.70","76.51","87.48","76.06","7521"
"1376","-","-","7.71","16.50","22.68","76.45","87.41","76.00","7516"
"1375","-","5.33","-","16.49","22.67","76.40","87.35","75.95","7511"
"1374","-","-","7.70","16.48","22.65","76.34","87.29","75.90","7506"
"1373","-","-","-","16.47","22.64","76.29","87.23","75.84","7501"
"1372","-","5.32","-","16.46","22.62","76.24","87.17","75.79","7496"
"1371","-","-","7.69","16.45","22.60","76.18","87.11","75.74","7491"
"1370","-","-","-","16.44","22.59","76.13","87.05","75.68","7486"
"1369","2.15","5.31","7.68","16.43","22.57","76.07","86.98","75.63","7481"
"1368","-","-","-","16.42","22.56","76.02","86.92","75.58","7476"
"1367","-","-","7.67","16.41","22.54","75.97","86.86","75.52","7471"
"1366","-","-","-","16.40","22.52","75.91","86.80","75.47","7466"
"1365","-","5.30","7.66","-","22.51","75.86","86.74","75.41","7461"
"1364","-","-","-","16.39","22.49","75.80","86.68","75.36","7456"
"1363","-","-","-","16.38","22.48","75.75","86.61","75.31","7451"
"1362","-","5.29","7.65","16.37","22.46","75.70","86.55","75.25","7446"
"1361","-","-","-","16.36","22.45","75.64","86.49","75.20","7441"
"1360","-","-","7.64","16.35","22.43","75.59","86.43","75.15","7436"
"1359","2.14","5.28","-","16.34","22.41","75.54","86.37","75.09","7431"
"1358","-","-","7.63","16.33","22.40","75.48","86.31","75.04","7426"
"1357","-","-","-","16.32","22.38","75.43","86.25","74.99","7421"
"1356","-","5.27","7.62","16.31","22.37","75.37","86.18","74.93","7416"
"1355","-","-","-","16.30","22.35","75.32","86.12","74.88","7411"
"1354","-","-","-","16.29","22.33","75.27","86.06","74.83","7406"
"1353","-","5.26","7.61","16.28","22.32","75.21","86.00","74.77","7401"
"1352","-","-","-","16.27","22.30","75.16","85.94","74.72","7396"
"1351","-","-","7.60","16.26","22.29","75.10","85.88","74.66","7391"
"1350","-","5.25","-","16.25","22.27","75.05","85.82","74.61","7386"
"1349","2.13","-","7.59","16.24","22.25","75.00","85.75","74.56","7381"
"1348","-","-","-","16.23","22.24","74.94","85.69","74.50","7376"
"1347","-","-","7.58","16.22","22.22","74.89","85.63","74.45","7371"
"1346","-","5.24","-","16.21","22.21","74.83","85.57","74.40","7366"
"1345","-","-","7.57","16.20","22.19","74.78","85.51","74.34","7361"
"1344","-","-","-","16.19","22.17","74.73","85.45","74.29","7356"
"1343","-","5.23","-","16.18","22.16","74.67","85.39","74.24","7351"
"1342","-","-","7.56","16.17","22.14","74.62","85.32","74.18","7346"
"1341","-","-","-","-","22.13","74.56","85.26","74.13","7341"
"1340","-","5.22","7.55","16.16","22.11","74.51","85.20","74.07","7336"
"1339","2.12","-","-","16.15","22.09","74.46","85.14","74.02","7331"
"1338","-","-","7.54","16.14","22.08","74.40","85.08","73.97","7326"
"1337","-","5.21","-","16.13","22.06","74.35","85.02","73.91","7321"
"1336","-","-","7.53","16.12","22.05","74.29","84.95","73.86","7316"
"1335","-","-","-","16.11","22.03","74.24","84.89","73.81","7311"
"1334","-","5.20","-","16.10","22.02","74.19","84.83","73.75","7306"
"1333","-","-","7.52","16.09","22.00","74.13","84.77","73.70","7301"
"1332","-","-","-","16.08","21.98","74.08","84.71","73.65","7296"
"1331","-","5.19","7.51","16.07","21.97","74.03","84.65","73.59","7291"
"1330","-","-","-","16.06","21.95","73.97","84.59","73.54","7286"
"1329","2.11","-","7.50","16.05","21.94","73.92","84.52","73.48","7281"
"1328","-","-","-","16.04","21.92","73.86","84.46","73.43","7276"
"1327","-","5.18","7.49","16.03","21.90","73.81","84.40","73.38","7271"
"1326","-","-","-","16.02","21.89","73.76","84.34","73.32","7266"
"1325","-","-","-","16.01","21.87","73.70","84.28","73.27","7261"
"1324","-","5.17","7.48","16.00","21.86","73.65","84.22","73.22","7256"
"1323","-","-","-","15.99","21.84","73.59","84.15","73.16","7251"
"1322","-","-","7.47","15.98","21.82","73.54","84.09","73.11","7246"
"1321","-","5.16","-","15.97","21.81","73.49","84.03","73.06","7241"
"1320","-","-","7.46","15.96","21.79","73.43","83.97","73.00","7236"
"1319","2.10","-","-","15.95","21.78","73.38","83.91","72.95","7231"
"1318","-","5.15","7.45","15.94","21.76","73.32","83.85","72.89","7226"
"1317","-","-","-","15.93","21.74","73.27","83.79","72.84","7221"
"1316","-","-","7.44","-","21.73","73.22","83.72","72.79","7216"
"1315","-","5.14","-","15.92","21.71","73.16","83.66","72.73","7211"
"1314","-","-","-","15.91","21.70","73.11","83.60","72.68","7206"
"1313","-","-","7.43","15.90","21.68","73.05","83.54","72.63","7201"
"1312","-","5.13","-","15.89","21.66","73.00","83.48","72.57","7196"
"1311","-","-","7.42","15.88","21.65","72.95","83.42","72.52","7191"
"1310","-","-","-","15.87","21.63","72.89","83.35","72.46","7186"
"1309","2.09","-","7.41","15.86","21.62","72.84","83.29","72.41","7181"
"1308","-","5.12","-","15.85","21.60","72.78","83.23","72.36","7176"
"1307","-","-","7.40","15.84","21.59","72.73","83.17","72.30","7171"
"1306","-","-","-","15.83","21.57","72.68","83.11","72.25","7166"
"1305","-","5.11","-","15.82","21.55","72.62","83.05","72.20","7161"
"1304","-","-","7.39","15.81","21.54","72.57","82.99","72.14","7156"
"1303","-","-","-","15.80","21.52","72.51","82.92","72.09","7151"
"1302","-","5.10","7.38","15.79","21.51","72.46","82.86","72.04","7146"
"1301","-","-","-","15.78","21.49","72.41","82.80","71.98","7141"
"1300","-","-","7.37","15.77","21.47","72.35","82.74","71.93","7136"
"1299","2.08","5.09","-","15.76","21.46","72.30","82.68","71.87","7131"
"1298","-","-","7.36","15.75","21.44","72.24","82.62","71.82","7126"
"1297","-","-","-","15.74","21.43","72.19","82.55","71.77","7121"
"1296","-","5.08","-","15.73","21.41","72.14","82.49","71.71","7116"
"1295","-","-","7.35","15.72","21.39","72.08","82.43","71.66","7111"
"1294","-","-","-","15.71","21.38","72.03","82.37","71.61","7106"
"1293","-","5.07","7.34","15.70","21.36","71.97","82.31","71.55","7101"
"1292","-","-","-","15.69","21.35","71.92","82.25","71.50","7096"
"1291","-","-","7.33","15.68","21.33","71.87","82.18","71.45","7091"
"1290","-","5.06","-","15.67","21.31","71.81","82.12","71.39","7086"
"1289","2.07","-","7.32","-","21.30","71.76","82.06","71.34","7081"
"1288","-","-","-","15.66","21.28","71.70","82.00","71.28","7076"
"1287","-","-","7.31","15.65","21.27","71.65","81.94","71.23","7071"
"1286","-","5.05","-","15.64","21.25","71.60","81.88","71.18","7066"
"1285","-","-","-","15.63","21.23","71.54","81.82","71.12","7061"
"1284","-","-","7.30","15.62","21.22","71.49","81.75","71.07","7056"
"1283","-","5.04","-","15.61","21.20","71.43","81.69","71.02","7051"
"1282","-","-","7.29","15.60","21.19","71.38","81.63","70.96","7046"
"1281","-","-","-","15.59","21.17","71.33","81.57","70.91","7041"
"1280","-","5.03","7.28","15.58","21.15","71.27","81.51","70.85","7036"
"1279","2.06","-","-","15.57","21.14","71.22","81.45","70.80","7031"
"1278","-","-","7.27","15.56","21.12","71.16","81.38","70.75","7026"
"1277","-","5.02","-","15.55","21.11","71.11","81.32","70.69","7021"
"1276","-","-","-","15.54","21.09","71.06","81.26","70.64","7016"
"1275","-","-","7.26","15.53","21.07","71.00","81.20","70.59","7011"
"1274","-","5.01","-","15.52","21.06","70.95","81.14","70.53","7006"
"1273","-","-","7.25","15.51","21.04","70.89","81.08","70.48","7001"
"1272","-","-","-","15.50","21.03","70.84","81.01","70.42","6995"
"1271","-","5.00","7.24","15.49","21.01","70.79","80.95","70.37","6990"
"1270","-","-","-","15.48","21.00","70.73","80.89","70.32","6985"
"1269","2.05","-","7.23","15.47","20.98","70.68","80.83","70.26","6980"
"1268","-","4.99","-","15.46","20.96","70.62","80.77","70.21","6975"
"1267","-","-","7.22","15.45","20.95","70.57","80.71","70.16","6970"
"1266","-","-","-","15.44","20.93","70.52","80.64","70.10","6965"
"1265","-","-","-","15.43","20.92","70.46","80.58","70.05","6960"
"1264","-","4.98","7.21","15.42","20.90","70.41","80.52","69.99","6955"
"1263","-","-","-","15.41","20.88","70.35","80.46","69.94","6950"
"1262","-","-","7.20","15.40","20.87","70.30","80.40","69.89","6945"
"1261","-","4.97","-","-","20.85","70.25","80.34","69.83","6940"
"1260","-","-","7.19","15.39","20.84","70.19","80.28","69.78","6935"
"1259","2.04","-","-","15.38","20.82","70.14","80.21","69.73","6930"
"1258","-","4.96","7.18","15.37","20.80","70.08","80.15","69.67","6925"
"1257","-","-","-","15.36","20.79","70.03","80.09","69.62","6920"
"1256","-","-","-","15.35","20.77","69.98","80.03","69.57","6915"
"1255","-","4.95","7.17","15.34","20.76","69.92","79.97","69.51","6910"
"1254","-","-","-","15.33","20.74","69.87","79.91","69.46","6905"
"1253","-","-","7.16","15.32","20.72","69.81","79.84","69.40","6900"
"1252","-","4.94","-","15.31","20.71","69.76","79.78","69.35","6895"
"1251","-","-","7.15","15.30","20.69","69.71","79.72","69.30","6890"
"1250","-","-","-","15.29","20.68","69.65","79.66","69.24","6885"
"1249","2.03","4.93","7.14","15.28","20.66","69.60","79.60","69.19","6880"
"1248","-","-","-","15.27","20.64","69.54","79.54","69.14","6875"
"1247","-","-","7.13","15.26","20.63","69.49","79.47","69.08","6870"
"1246","-","-","-","15.25","20.61","69.44","79.41","69.03","6865"
"1245","-","4.92","-","15.24","20.60","69.38","79.35","68.97","6860"
"1244","-","-","7.12","15.23","20.58","69.33","79.29","68.92","6855"
"1243","-","-","-","15.22","20.56","69.27","79.23","68.87","6850"
"1242","-","4.91","7.11","15.21","20.55","69.22","79.17","68.81","6845"
"1241","-","-","-","15.20","20.53","69.17","79.10","68.76","6840"
"1240","-","-","7.10","15.19","20.52","69.11","79.04","68.71","6835"
"1239","2.02","4.90","-","15.18","20.50","69.06","78.98","68.65","6830"
"1238","-","-","7.09","15.17","20.48","69.00","78.92","68.60","6825"
"1237","-","-","-","15.16","20.47","68.95","78.86","68.54","6820"
"1236","-","4.89","7.08","15.15","20.45","68.89","78.80","68.49","6814"
"1235","-","-","-","15.14","20.44","68.84","78.73","68.44","6809"
"1234","-","-","-","15.13","20.42","68.79","78.67","68.38","6804"
"1233","-","4.88","7.07","15.12","20.40","68.73","78.61","68.33","6799"
"1232","-","-","-","15.11","20.39","68.68","78.55","68.27","6794"
"1231","-","-","7.06","-","20.37","68.62","78.49","68.22","6789"
"1230","-","4.87","-","15.10","20.36","68.57","78.43","68.17","6784"
"1229","2.01","-","7.05","15.09","20.34","68.52","78.36","68.11","6779"
"1228","-","-","-","15.08","20.32","68.46","78.30","68.06","6774"
"1227","-","4.86","7.04","15.07","20.31","68.41","78.24","68.01","6769"
"1226","-","-","-","15.06","20.29","68.35","78.18","67.95","6764"
"1225","-","-","-","15.05","20.28","68.30","78.12","67.90","6759"
"1224","-","4.85","7.03","15.04","20.26","68.25","78.06","67.84","6754"
"1223","-","-","-","15.03","20.25","68.19","77.99","67.79","6749"
"1222","-","-","7.02","15.02","20.23","68.14","77.93","67.74","6744"
"1221","-","-","-","15.01","20.21","68.08","77.87","67.68","6739"
"1220","-","4.84","7.01","15.00","20.20","68.03","77.81","67.63","6734"
"1219","2.00","-","-","14.99","20.18","67.98","77.75","67.58","6729"
"1218","-","-","7.00","14.98","20.17","67.92","77.69","67.52","6724"
"1217","-","4.83","-","14.97","20.15","67.87","77.62","67.47","6719"
"1216","-","-","6.99","14.96","20.13","67.81","77.56","67.41","6714"
"1215","-","-","-","14.95","20.12","67.76","77.50","67.36","6709"
"1214","-","4.82","-","14.94","20.10","67.71","77.44","67.31","6704"
"1213","-","-","6.98","14.93","20.09","67.65","77.38","67.25","6699"
"1212","-","-","-","14.92","20.07","67.60","77.32","67.20","6694"
"1211","-","4.81","6.97","14.91","20.05","67.54","77.25","67.15","6688"
"1210","-","-","-","14.90","20.04","67.49","77.19","67.09","6683"
"1209","1.99","-","6.96","14.89","20.02","67.43","77.13","67.04","6678"
"1208","-","4.80","-","14.88","20.01","67.38","77.07","66.98","6673"
"1207","-","-","6.95","14.87","19.99","67.33","77.01","66.93","6668"
"1206","-","-","-","14.86","19.97","67.27","76.95","66.88","6663"
"1205","-","4.79","6.94","14.85","19.96","67.22","76.88","66.82","6658"
"1204","-","-","-","14.84","19.94","67.16","76.82","66.77","6653"
"1203","-","-","-","14.83","19.93","67.11","76.76","66.72","6648"
"1202","-","4.78","6.93","14.82","19.91","67.06","76.70","66.66","6643"
"1201","-","-","-","14.81","19.89","67.00","76.64","66.61","6638"
"1200","1.98","-","6.92","14.80","19.88","66.95","76.58","66.55","6633"
"1199","-","-","-","14.79","19.86","66.89","76.51","66.50","6628"
"1198","-","4.77","6.91","-","19.85","66.84","76.45","66.45","6623"
"1197","-","-","-","14.78","19.83","66.79","76.39","66.39","6618"
"1196","-","-","6.90","14.77","19.81","66.73","76.33","66.34","6613"
"1195","-","4.76","-","14.76","19.80","66.68","76.27","66.28","6608"
"1194","-","-","6.89","14.75","19.78","66.62","76.20","66.23","6603"
"1193","-","-","-","14.74","19.77","66.57","76.14","66.18","6598"
"1192","-","4.75","-","14.73","19.75","66.51","76.08","66.12","6593"
"1191","-","-","6.88","14.72","19.73","66.46","76.02","66.07","6587"
"1190","1.97","-","-","14.71","19.72","66.41","75.96","66.02","6582"
"1189","-","4.74","6.87","14.70","19.70","66.35","75.90","65.96","6577"
"1188","-","-","-","14.69","19.69","66.30","75.83","65.91","6572"
"1187","-","-","6.86","14.68","19.67","66.24","75.77","65.85","6567"
"1186","-","4.73","-","14.67","19.65","66.19","75.71","65.80","6562"
"1185","-","-","6.85","14.66","19.64","66.14","75.65","65.75","6557"
"1184","-","-","-","14.65","19.62","66.08","75.59","65.69","6552"
"1183","-","4.72","6.84","14.64","19.61","66.03","75.53","65.64","6547"
"1182","-","-","-","14.63","19.59","65.97","75.46","65.59","6542"
"1181","-","-","-","14.62","19.57","65.92","75.40","65.53","6537"
"1180","1.96","4.71","6.83","14.61","19.56","65.87","75.34","65.48","6532"
"1179","-","-","-","14.60","19.54","65.81","75.28","65.42","6527"
"1178","-","-","6.82","14.59","19.53","65.76","75.22","65.37","6522"
"1177","-","4.70","-","14.58","19.51","65.70","75.16","65.32","6517"
"1176","-","-","6.81","14.57","19.49","65.65","75.09","65.26","6512"
"1175","-","-","-","14.56","19.48","65.59","75.03","65.21","6507"
"1174","-","-","6.80","14.55","19.46","65.54","74.97","65.15","6501"
"1173","-","4.69","-","14.54","19.45","65.49","74.91","65.10","6496"
"1172","-","-","-","14.53","19.43","65.43","74.85","65.05","6491"
"1171","-","-","6.79","14.52","19.41","65.38","74.78","64.99","6486"
"1170","1.95","4.68","-","14.51","19.40","65.32","74.72","64.94","6481"
"1169","-","-","6.78","14.50","19.38","65.27","74.66","64.89","6476"
"1168","-","-","-","14.49","19.37","65.22","74.60","64.83","6471"
"1167","-","4.67","6.77","14.48","19.35","65.16","74.54","64.78","6466"
"1166","-","-","-","14.47","19.33","65.11","74.48","64.72","6461"
"1165","-","-","6.76","14.46","19.32","65.05","74.41","64.67","6456"
"1164","-","4.66","-","14.45","19.30","65.00","74.35","64.62","6451"
"1163","-","-","6.75","-","19.29","64.94","74.29","64.56","6446"
"1162","-","-","-","14.44","19.27","64.89","74.23","64.51","6441"
"1161","-","4.65","-","14.43","19.25","64.84","74.17","64.45","6436"
"1160","1.94","-","6.74","14.42","19.24","64.78","74.11","64.40","6431"
"1159","-","-","-","14.41","19.22","64.73","74.04","64.35","6426"
"1158","-","4.64","6.73","14.40","19.21","64.67","73.98","64.29","6420"
"1157","-","-","-","14.39","19.19","64.62","73.92","64.24","6415"
"1156","-","-","6.72","14.38","19.17","64.57","73.86","64.19","6410"
"1155","-","4.63","-","14.37","19.16","64.51","73.80","64.13","6405"
"1154","-","-","6.71","14.36","19.14","64.46","73.73","64.08","6400"
"1153","-","-","-","14.35","19.13","64.40","73.67","64.02","6395"
"1152","-","4.62","6.70","14.34","19.11","64.35","73.61","63.97","6390"
"1151","-","-","-","14.33","19.09","64.29","73.55","63.92","6385"
"1150","1.93","-","-","14.32","19.08","64.24","73.49","63.86","6380"
"1149","-","-","6.69","14.31","19.06","64.19","73.43","63.81","6375"
"1148","-","4.61","-","14.30","19.05","64.13","73.36","63.75","6370"
"1147","-","-","6.68","14.29","19.03","64.08","73.30","63.70","6365"
"1146","-","-","-","14.28","19.01","64.02","73.24","63.65","6360"
"1145","-","4.60","6.67","14.27","19.00","63.97","73.18","63.59","6355"
"1144","-","-","-","14.26","18.98","63.92","73.12","63.54","6349"
"1143","-","-","6.66","14.25","18.97","63.86","73.06","63.48","6344"
"1142","-","4.59","-","14.24","18.95","63.81","72.99","63.43","6339"
"1141","-","-","6.65","14.23","18.93","63.75","72.93","63.38","6334"
"1140","1.92","-","-","14.22","18.92","63.70","72.87","63.32","6329"
"1139","-","4.58","-","14.21","18.90","63.64","72.81","63.27","6324"
"1138","-","-","6.64","14.20","18.89","63.59","72.75","63.22","6319"
"1137","-","-","-","14.19","18.87","63.54","72.68","63.16","6314"
"1136","-","4.57","6.63","14.18","18.85","63.48","72.62","63.11","6309"
"1135","-","-","-","14.17","18.84","63.43","72.56","63.05","6304"
"1134","-","-","6.62","14.16","18.82","63.37","72.50","63.00","6299"
"1133","-","4.56","-","14.15","18.81","63.32","72.44","62.95","6294"
"1132","-","-","6.61","14.14","18.79","63.27","72.38","62.89","6289"
"1131","1.91","-","-","14.13","18.77","63.21","72.31","62.84","6283"
"1130","-","4.55","6.60","14.12","18.76","63.16","72.25","62.78","6278"
"1129","-","-","-","14.11","18.74","63.10","72.19","62.73","6273"
"1128","-","-","6.59","14.10","18.73","63.05","72.13","62.68","6268"
"1127","-","4.54","-","14.09","18.71","62.99","72.07","62.62","6263"
"1126","-","-","-","14.08","18.69","62.94","72.00","62.57","6258"
"1125","-","-","6.58","14.07","18.68","62.89","71.94","62.51","6253"
"1124","-","4.53","-","14.06","18.66","62.83","71.88","62.46","6248"
"1123","-","-","6.57","-","18.65","62.78","71.82","62.41","6243"
"1122","-","-","-","14.05","18.63","62.72","71.76","62.35","6238"
"1121","1.90","-","6.56","14.04","18.61","62.67","71.70","62.30","6233"
"1120","-","4.52","-","14.03","18.60","62.61","71.63","62.25","6228"
"1119","-","-","6.55","14.02","18.58","62.56","71.57","62.19","6223"
"1118","-","-","-","14.01","18.57","62.51","71.51","62.14","6217"
"1117","-","4.51","6.54","14.00","18.55","62.45","71.45","62.08","6212"
"1116","-","-","-","13.99","18.53","62.40","71.39","62.03","6207"
"1115","-","-","-","13.98","18.52","62.34","71.32","61.98","6202"
"1114","-","4.50","6.53","13.97","18.50","62.29","71.26","61.92","6197"
"1113","-","-","-","13.96","18.49","62.24","71.20","61.87","6192"
"1112","-","-","6.52","13.95","18.47","62.18","71.14","61.81","6187"
"1111","1.89","4.49","-","13.94","18.45","62.13","71.08","61.76","6182"
"1110","-","-","6.51","13.93","18.44","62.07","71.02","61.71","6177"
"1109","-","-","-","13.92","18.42","62.02","70.95","61.65","6172"
"1108","-","4.48","6.50","13.91","18.41","61.96","70.89","61.60","6167"
"1107","-","-","-","13.90","18.39","61.91","70.83","61.54","6161"
"1106","-","-","6.49","13.89","18.37","61.86","70.77","61.49","6156"
"1105","-","4.47","-","13.88","18.36","61.80","70.71","61.44","6151"
"1104","-","-","-","13.87","18.34","61.75","70.64","61.38","6146"
"1103","-","-","6.48","13.86","18.33","61.69","70.58","61.33","6141"
"1102","-","4.46","-","13.85","18.31","61.64","70.52","61.27","6136"
"1101","1.88","-","6.47","13.84","18.29","61.58","70.46","61.22","6131"
"1100","-","-","-","13.83","18.28","61.53","70.40","61.17","6126"
"1099","-","4.45","6.46","13.82","18.26","61.48","70.33","61.11","6121"
"1098","-","-","-","13.81","18.25","61.42","70.27","61.06","6116"
"1097","-","-","6.45","13.80","18.23","61.37","70.21","61.00","6111"
"1096","-","4.44","-","13.79","18.21","61.31","70.15","60.95","6105"
"1095","-","-","6.44","13.78","18.20","61.26","70.09","60.90","6100"
"1094","-","-","-","13.77","18.18","61.20","70.03","60.84","6095"
"1093","-","-","-","13.76","18.17","61.15","69.96","60.79","6090"
"1092","-","4.43","6.43","13.75","18.15","61.10","69.90","60.74","6085"
"1091","1.87","-","-","13.74","18.13","61.04","69.84","60.68","6080"
"1090","-","-","6.42","13.73","18.12","60.99","69.78","60.63","6075"
"1089","-","4.42","-","13.72","18.10","60.93","69.72","60.57","6070"
"1088","-","-","6.41","13.71","18.09","60.88","69.65","60.52","6065"
"1087","-","-","-","13.70","18.07","60.83","69.59","60.47","6060"
"1086","-","4.41","6.40","13.69","18.05","60.77","69.53","60.41","6055"
"1085","-","-","-","13.68","18.04","60.72","69.47","60.36","6049"
"1084","-","-","6.39","13.67","18.02","60.66","69.41","60.30","6044"
"1083","-","4.40","-","13.66","18.01","60.61","69.34","60.25","6039"
"1082","1.86","-","-","13.65","17.99","60.55","69.28","60.20","6034"
"1081","-","-","6.38","13.64","17.97","60.50","69.22","60.14","6029"
"1080","-","4.39","-","13.63","17.96","60.45","69.16","60.09","6024"
"1079","-","-","6.37","13.62","17.94","60.39","69.10","60.03","6019"
"1078","-","-","-","13.61","17.93","60.34","69.04","59.98","6014"
"1077","-","4.38","6.36","-","17.91","60.28","68.97","59.93","6009"
"1076","-","-","-","13.60","17.89","60.23","68.91","59.87","6004"
"1075","-","-","6.35","13.59","17.88","60.17","68.85","59.82","5998"
"1074","-","4.37","-","13.58","17.86","60.12","68.79","59.76","5993"
"1073","-","-","6.34","13.57","17.85","60.07","68.73","59.71","5988"
"1072","1.85","-","-","13.56","17.83","60.01","68.66","59.66","5983"
"1071","-","4.36","6.33","13.55","17.81","59.96","68.60","59.60","5978"
"1070","-","-","-","13.54","17.80","59.90","68.54","59.55","5973"
"1069","-","-","-","13.53","17.78","59.85","68.48","59.49","5968"
"1068","-","4.35","6.32","13.52","17.77","59.79","68.42","59.44","5963"
"1067","-","-","-","13.51","17.75","59.74","68.35","59.39","5958"
"1066","-","-","6.31","13.50","17.73","59.69","68.29","59.33","5953"
"1065","-","4.34","-","13.49","17.72","59.63","68.23","59.28","5947"
"1064","-","-","6.30","13.48","17.70","59.58","68.17","59.22","5942"
"1063","-","-","-","13.47","17.69","59.52","68.11","59.17","5937"
"1062","1.84","-","6.29","13.46","17.67","59.47","68.05","59.12","5932"
"1061","-","4.33","-","13.45","17.65","59.41","67.98","59.06","5927"
"1060","-","-","6.28","13.44","17.64","59.36","67.92","59.01","5922"
"1059","-","-","-","13.43","17.62","59.31","67.86","58.95","5917"
"1058","-","4.32","-","13.42","17.61","59.25","67.80","58.90","5912"
"1057","-","-","6.27","13.41","17.59","59.20","67.74","58.85","5907"
"1056","-","-","-","13.40","17.57","59.14","67.67","58.79","5901"
"1055","-","4.31","6.26","13.39","17.56","59.09","67.61","58.74","5896"
"1054","-","-","-","13.38","17.54","59.03","67.55","58.68","5891"
"1053","-","-","6.25","13.37","17.53","58.98","67.49","58.63","5886"
"1052","1.83","4.30","-","13.36","17.51","58.93","67.43","58.58","5881"
"1051","-","-","6.24","13.35","17.49","58.87","67.36","58.52","5876"
"1050","-","-","-","13.34","17.48","58.82","67.30","58.47","5871"
"1049","-","4.29","6.23","13.33","17.46","58.76","67.24","58.41","5866"
"1048","-","-","-","13.32","17.44","58.71","67.18","58.36","5861"
"1047","-","-","6.22","13.31","17.43","58.65","67.12","58.31","5855"
"1046","-","4.28","-","13.30","17.41","58.60","67.05","58.25","5850"
"1045","-","-","-","13.29","17.40","58.55","66.99","58.20","5845"
"1044","-","-","6.21","13.28","17.38","58.49","66.93","58.14","5840"
"1043","1.82","4.27","-","13.27","17.36","58.44","66.87","58.09","5835"
"1042","-","-","6.20","13.26","17.35","58.38","66.81","58.04","5830"
"1041","-","-","-","13.25","17.33","58.33","66.74","57.98","5825"
"1040","-","4.26","6.19","13.24","17.32","58.27","66.68","57.93","5820"
"1039","-","-","-","13.23","17.30","58.22","66.62","57.87","5814"
"1038","-","-","6.18","13.22","17.28","58.17","66.56","57.82","5809"
"1037","-","4.25","-","13.21","17.27","58.11","66.50","57.77","5804"
"1036","-","-","6.17","13.20","17.25","58.06","66.43","57.71","5799"
"1035","-","-","-","13.19","17.24","58.00","66.37","57.66","5794"
"1034","-","4.24","-","13.18","17.22","57.95","66.31","57.60","5789"
"1033","1.81","-","6.16","13.17","17.20","57.89","66.25","57.55","5784"
"1032","-","-","-","13.16","17.19","57.84","66.19","57.50","5779"
"1031","-","4.23","6.15","13.15","17.17","57.78","66.13","57.44","5774"
"1030","-","-","-","13.14","17.16","57.73","66.06","57.39","5768"
"1029","-","-","6.14","13.13","17.14","57.68","66.00","57.33","5763"
"1028","-","-","-","13.12","17.12","57.62","65.94","57.28","5758"
"1027","-","4.22","6.13","13.11","17.11","57.57","65.88","57.23","5753"
"1026","-","-","-","13.10","17.09","57.51","65.82","57.17","5748"
"1025","-","-","6.12","13.09","17.08","57.46","65.75","57.12","5743"
"1024","-","4.21","-","13.08","17.06","57.40","65.69","57.06","5738"
"1023","1.80","-","6.11","13.07","17.04","57.35","65.63","57.01","5733"
"1022","-","-","-","13.06","17.03","57.30","65.57","56.96","5727"
"1021","-","4.20","-","13.05","17.01","57.24","65.51","56.90","5722"
"1020","-","-","6.10","-","17.00","57.19","65.44","56.85","5717"
"1019","-","-","-","13.04","16.98","57.13","65.38","56.79","5712"
"1018","-","4.19","6.09","13.03","16.96","57.08","65.32","56.74","5707"
"1017","-","-","-","13.02","16.95","57.02","65.26","56.69","5702"
"1016","-","-","6.08","13.01","16.93","56.97","65.20","56.63","5697"
"1015","-","4.18","-","13.00","16.92","56.92","65.13","56.58","5692"
"1014","-","-","6.07","12.99","16.90","56.86","65.07","56.52","5686"
"1013","1.79","-","-","12.98","16.88","56.81","65.01","56.47","5681"
"1012","-","4.17","6.06","12.97","16.87","56.75","64.95","56.42","5676"
"1011","-","-","-","12.96","16.85","56.70","64.89","56.36","5671"
"1010","-","-","6.05","12.95","16.84","56.64","64.82","56.31","5666"
"1009","-","4.16","-","12.94","16.82","56.59","64.76","56.25","5661"
"1008","-","-","-","12.93","16.80","56.54","64.70","56.20","5656"
"1007","-","-","6.04","12.92","16.79","56.48","64.64","56.15","5651"
"1006","-","4.15","-","12.91","16.77","56.43","64.58","56.09","5645"
"1005","-","-","6.03","12.90","16.76","56.37","64.51","56.04","5640"
"1004","1.78","-","-","12.89","16.74","56.32","64.45","55.98","5635"
"1003","-","4.14","6.02","12.88","16.72","56.26","64.39","55.93","5630"
"1002","-","-","-","12.87","16.71","56.21","64.33","55.87","5625"
"1001","-","-","6.01","12.86","16.69","56.15","64.27","55.82","5620"
"1000","-","4.13","-","12.85","16.67","56.10","64.20","55.77","5615"
"999","-","-","6.00","12.84","16.66","56.05","64.14","55.71","5609"
"998","-","-","-","12.83","16.64","55.99","64.08","55.66","5604"
"997","-","4.12","-","12.82","16.63","55.94","64.02","55.60","5599"
"996","-","-","5.99","12.81","16.61","55.88","63.96","55.55","5594"
"995","-","-","-","12.80","16.59","55.83","63.89","55.50","5589"
"994","1.77","4.11","5.98","12.79","16.58","55.77","63.83","55.44","5584"
"993","-","-","-","12.78","16.56","55.72","63.77","55.39","5579"
"992","-","-","5.97","12.77","16.55","55.67","63.71","55.33","5574"
"991","-","-","-","12.76","16.53","55.61","63.65","55.28","5568"
"990","-","4.10","5.96","12.75","16.51","55.56","63.58","55.23","5563"
"989","-","-","-","12.74","16.50","55.50","63.52","55.17","5558"
"988","-","-","5.95","12.73","16.48","55.45","63.46","55.12","5553"
"987","-","4.09","-","12.72","16.47","55.39","63.40","55.06","5548"
"986","-","-","5.94","12.71","16.45","55.34","63.34","55.01","5543"
"985","-","-","-","12.70","16.43","55.28","63.27","54.96","5538"
"984","1.76","4.08","-","12.69","16.42","55.23","63.21","54.90","5532"
"983","-","-","5.93","12.68","16.40","55.18","63.15","54.85","5527"
"982","-","-","-","12.67","16.39","55.12","63.09","54.79","5522"
"981","-","4.07","5.92","12.66","16.37","55.07","63.03","54.74","5517"
"980","-","-","-","12.65","16.35","55.01","62.96","54.69","5512"
"979","-","-","5.91","12.64","16.34","54.96","62.90","54.63","5507"
"978","-","4.06","-","12.63","16.32","54.90","62.84","54.58","5502"
"977","-","-","5.90","12.62","16.31","54.85","62.78","54.52","5496"
"976","-","-","-","12.61","16.29","54.80","62.72","54.47","5491"
"975","-","4.05","5.89","12.60","16.27","54.74","62.65","54.41","5486"
"974","1.75","-","-","12.59","16.26","54.69","62.59","54.36","5481"
"973","-","-","5.88","12.58","16.24","54.63","62.53","54.31","5476"
"972","-","4.04","-","12.57","16.23","54.58","62.47","54.25","5471"
"971","-","-","-","12.56","16.21","54.52","62.40","54.20","5466"
"970","-","-","5.87","12.55","16.19","54.47","62.34","54.14","5460"
"969","-","4.03","-","12.54","16.18","54.41","62.28","54.09","5455"
"968","-","-","5.86","12.53","16.16","54.36","62.22","54.04","5450"
"967","-","-","-","12.52","16.14","54.31","62.16","53.98","5445"
"966","-","4.02","5.85","12.51","16.13","54.25","62.09","53.93","5440"
"965","1.74","-","-","12.50","16.11","54.20","62.03","53.87","5435"
"964","-","-","5.84","12.49","16.10","54.14","61.97","53.82","5430"
"963","-","4.01","-","12.48","16.08","54.09","61.91","53.77","5424"
"962","-","-","5.83","12.47","16.06","54.03","61.85","53.71","5419"
"961","-","-","-","12.46","16.05","53.98","61.78","53.66","5414"
"960","-","4.00","5.82","12.45","16.03","53.92","61.72","53.60","5409"
"959","-","-","-","12.44","16.02","53.87","61.66","53.55","5404"
"958","-","-","-","12.43","16.00","53.82","61.60","53.49","5399"
"957","-","3.99","5.81","12.42","15.98","53.76","61.54","53.44","5393"
"956","-","-","-","12.41","15.97","53.71","61.47","53.39","5388"
"955","1.73","-","5.80","12.40","15.95","53.65","61.41","53.33","5383"
"954","-","3.98","-","12.39","15.94","53.60","61.35","53.28","5378"
"953","-","-","5.79","12.38","15.92","53.54","61.29","53.22","5373"
"952","-","-","-","12.37","15.90","53.49","61.23","53.17","5368"
"951","-","3.97","5.78","12.36","15.89","53.43","61.16","53.12","5363"
"950","-","-","-","12.35","15.87","53.38","61.10","53.06","5357"
"949","-","-","5.77","12.34","15.86","53.33","61.04","53.01","5352"
"948","-","-","-","12.33","15.84","53.27","60.98","52.95","5347"
"947","-","3.96","5.76","12.32","15.82","53.22","60.92","52.90","5342"
"946","-","-","-","12.31","15.81","53.16","60.85","52.85","5337"
"945","1.72","-","-","12.30","15.79","53.11","60.79","52.79","5332"
"944","-","3.95","5.75","12.29","15.78","53.05","60.73","52.74","5326"
"943","-","-","-","12.28","15.76","53.00","60.67","52.68","5321"
"942","-","-","5.74","12.27","15.74","52.94","60.60","52.63","5316"
"941","-","3.94","-","12.26","15.73","52.89","60.54","52.57","5311"
"940","-","-","5.73","12.25","15.71","52.84","60.48","52.52","5306"
"939","-","-","-","12.24","15.69","52.78","60.42","52.47","5301"
"938","-","3.93","5.72","12.23","15.68","52.73","60.36","52.41","5295"
"937","-","-","-","12.22","15.66","52.67","60.29","52.36","5290"
"936","1.71","-","5.71","12.21","15.65","52.62","60.23","52.30","5285"
"935","-","3.92","-","12.20","15.63","52.56","60.17","52.25","5280"
"934","-","-","5.70","-","15.61","52.51","60.11","52.20","5275"
"933","-","-","-","12.19","15.60","52.45","60.05","52.14","5270"
"932","-","3.91","5.69","12.18","15.58","52.40","59.98","52.09","5265"
"931","-","-","-","12.17","15.57","52.35","59.92","52.03","5259"
"930","-","-","-","12.16","15.55","52.29","59.86","51.98","5254"
"929","-","3.90","5.68","12.15","15.53","52.24","59.80","51.92","5249"
"928","-","-","-","12.14","15.52","52.18","59.74","51.87","5244"
"927","-","-","5.67","12.13","15.50","52.13","59.67","51.82","5239"
"926","1.70","3.89","-","12.12","15.49","52.07","59.61","51.76","5234"
"925","-","-","5.66","12.11","15.47","52.02","59.55","51.71","5228"
"924","-","-","-","12.10","15.45","51.96","59.49","51.65","5223"
"923","-","3.88","5.65","12.09","15.44","51.91","59.42","51.60","5218"
"922","-","-","-","12.08","15.42","51.86","59.36","51.55","5213"
"921","-","-","5.64","12.07","15.41","51.80","59.30","51.49","5208"
"920","-","3.87","-","12.06","15.39","51.75","59.24","51.44","5203"
"919","-","-","5.63","12.05","15.37","51.69","59.18","51.38","5197"
"918","-","-","-","12.04","15.36","51.64","59.11","51.33","5192"
"917","-","3.86","-","12.03","15.34","51.58","59.05","51.28","5187"
"916","1.69","-","5.62","12.02","15.33","51.53","58.99","51.22","5182"
"915","-","-","-","12.01","15.31","51.47","58.93","51.17","5177"
"914","-","3.85","5.61","12.00","15.29","51.42","58.87","51.11","5172"
"913","-","-","-","11.99","15.28","51.37","58.80","51.06","5166"
"912","-","-","5.60","11.98","15.26","51.31","58.74","51.00","5161"
"911","-","3.84","-","11.97","15.24","51.26","58.68","50.95","5156"
"910","-","-","5.59","11.96","15.23","51.20","58.62","50.90","5151"
"909","-","-","-","11.95","15.21","51.15","58.56","50.84","5146"
"908","-","3.83","5.58","11.94","15.20","51.09","58.49","50.79","5140"
"907","1.68","-","-","11.93","15.18","51.04","58.43","50.73","5135"
"906","-","-","5.57","11.92","15.16","50.98","58.37","50.68","5130"
"905","-","3.82","-","11.91","15.15","50.93","58.31","50.62","5125"
"904","-","-","-","11.90","15.13","50.88","58.24","50.57","5120"
"903","-","-","5.56","11.89","15.12","50.82","58.18","50.52","5115"
"902","-","3.81","-","11.88","15.10","50.77","58.12","50.46","5109"
"901","-","-","5.55","11.87","15.08","50.71","58.06","50.41","5104"
"900","-","-","-","11.86","15.07","50.66","58.00","50.35","5099"
"899","-","-","5.54","11.85","15.05","50.60","57.93","50.30","5094"
"898","-","3.80","-","11.84","15.04","50.55","57.87","50.25","5089"
"897","1.67","-","5.53","11.83","15.02","50.49","57.81","50.19","5084"
"896","-","-","-","11.82","15.00","50.44","57.75","50.14","5078"
"895","-","3.79","5.52","11.81","14.99","50.38","57.68","50.08","5073"
"894","-","-","-","11.80","14.97","50.33","57.62","50.03","5068"
"893","-","-","5.51","11.79","14.96","50.28","57.56","49.97","5063"
"892","-","3.78","-","11.78","14.94","50.22","57.50","49.92","5058"
"891","-","-","5.50","11.77","14.92","50.17","57.44","49.87","5052"
"890","-","-","-","11.76","14.91","50.11","57.37","49.81","5047"
"889","-","3.77","-","11.75","14.89","50.06","57.31","49.76","5042"
"888","1.66","-","5.49","11.74","14.87","50.00","57.25","49.70","5037"
"887","-","-","-","11.73","14.86","49.95","57.19","49.65","5032"
"886","-","3.76","5.48","11.72","14.84","49.89","57.13","49.60","5027"
"885","-","-","-","11.71","14.83","49.84","57.06","49.54","5021"
"884","-","-","5.47","11.70","14.81","49.78","57.00","49.49","5016"
"883","-","3.75","-","11.69","14.79","49.73","56.94","49.43","5011"
"882","-","-","5.46","11.68","14.78","49.68","56.88","49.38","5006"
"881","-","-","-","11.67","14.76","49.62","56.81","49.32","5001"
"880","-","3.74","5.45","11.66","14.75","49.57","56.75","49.27","4995"
"879","-","-","-","11.65","14.73","49.51","56.69","49.22","4990"
"878","1.65","-","5.44","11.64","14.71","49.46","56.63","49.16","4985"
"877","-","3.73","-","11.63","14.70","49.40","56.57","49.11","4980"
"876","-","-","-","11.62","14.68","49.35","56.50","49.05","4975"
"875","-","-","5.43","11.61","14.67","49.29","56.44","49.00","4970"
"874","-","3.72","-","11.60","14.65","49.24","56.38","48.94","4964"
"873","-","-","5.42","11.59","14.63","49.19","56.32","48.89","4959"
"872","-","-","-","11.58","14.62","49.13","56.25","48.84","4954"
"871","-","3.71","5.41","11.57","14.60","49.08","56.19","48.78","4949"
"870","-","-","-","11.56","14.58","49.02","56.13","48.73","4944"
"869","-","-","5.40","11.55","14.57","48.97","56.07","48.67","4938"
"868","1.64","3.70","-","11.54","14.55","48.91","56.01","48.62","4933"
"867","-","-","5.39","11.53","14.54","48.86","55.94","48.56","4928"
"866","-","-","-","11.52","14.52","48.80","55.88","48.51","4923"
"865","-","3.69","5.38","11.51","14.50","48.75","55.82","48.46","4918"
"864","-","-","-","11.50","14.49","48.69","55.76","48.40","4912"
"863","-","-","5.37","11.49","14.47","48.64","55.70","48.35","4907"
"862","-","3.68","-","11.48","14.46","48.59","55.63","48.29","4902"
"861","-","-","-","11.47","14.44","48.53","55.57","48.24","4897"
"860","-","-","5.36","11.46","14.42","48.48","55.51","48.19","4892"
"859","1.63","3.67","-","11.45","14.41","48.42","55.45","48.13","4886"
"858","-","-","5.35","11.44","14.39","48.37","55.38","48.08","4881"
"857","-","-","-","11.43","14.38","48.31","55.32","48.02","4876"
"856","-","3.66","5.34","11.42","14.36","48.26","55.26","47.97","4871"
"855","-","-","-","11.41","14.34","48.20","55.20","47.91","4866"
"854","-","-","5.33","11.40","14.33","48.15","55.14","47.86","4860"
"853","-","3.65","-","11.39","14.31","48.09","55.07","47.81","4855"
"852","-","-","5.32","11.38","14.29","48.04","55.01","47.75","4850"
"851","-","-","-","11.37","14.28","47.99","54.95","47.70","4845"
"850","-","3.64","5.31","11.36","14.26","47.93","54.89","47.64","4840"
"849","1.62","-","-","11.35","14.25","47.88","54.82","47.59","4834"
"848","-","-","5.30","11.34","14.23","47.82","54.76","47.53","4829"
"847","-","3.63","-","11.33","14.21","47.77","54.70","47.48","4824"
"846","-","-","-","11.32","14.20","47.71","54.64","47.43","4819"
"845","-","-","5.29","11.31","14.18","47.66","54.58","47.37","4814"
"844","-","3.62","-","11.30","14.17","47.60","54.51","47.32","4808"
"843","-","-","5.28","11.29","14.15","47.55","54.45","47.26","4803"
"842","-","-","-","11.28","14.13","47.49","54.39","47.21","4798"
"841","-","3.61","5.27","11.27","14.12","47.44","54.33","47.15","4793"
"840","1.61","-","-","11.26","14.10","47.38","54.26","47.10","4788"
"839","-","-","5.26","11.25","14.09","47.33","54.20","47.05","4782"
"838","-","3.60","-","11.24","14.07","47.28","54.14","46.99","4777"
"837","-","-","5.25","11.23","14.05","47.22","54.08","46.94","4772"
"836","-","-","-","11.22","14.04","47.17","54.01","46.88","4767"
"835","-","3.59","5.24","11.21","14.02","47.11","53.95","46.83","4762"
"834","-","-","-","11.20","14.00","47.06","53.89","46.77","4756"
"833","-","-","5.23","11.19","13.99","47.00","53.83","46.72","4751"
"832","-","-","-","11.18","13.97","46.95","53.77","46.67","4746"
"831","-","3.58","-","11.17","13.96","46.89","53.70","46.61","4741"
"830","1.60","-","5.22","11.16","13.94","46.84","53.64","46.56","4736"
"829","-","-","-","11.15","13.92","46.78","53.58","46.50","4730"
"828","-","3.57","5.21","11.14","13.91","46.73","53.52","46.45","4725"
"827","-","-","-","11.13","13.89","46.68","53.45","46.39","4720"
"826","-","-","5.20","11.12","13.88","46.62","53.39","46.34","4715"
"825","-","3.56","-","11.11","13.86","46.57","53.33","46.29","4710"
"824","-","-","5.19","11.10","13.84","46.51","53.27","46.23","4704"
"823","-","-","-","11.09","13.83","46.46","53.21","46.18","4699"
"822","-","3.55","5.18","11.08","13.81","46.40","53.14","46.12","4694"
"821","-","-","-","11.07","13.80","46.35","53.08","46.07","4689"
"820","1.59","-","5.17","11.06","13.78","46.29","53.02","46.01","4684"
"819","-","3.54","-","11.05","13.76","46.24","52.96","45.96","4678"
"818","-","-","5.16","11.04","13.75","46.18","52.89","45.91","4673"
"817","-","-","-","11.03","13.73","46.13","52.83","45.85","4668"
"816","-","3.53","-","11.02","13.71","46.07","52.77","45.80","4663"
"815","-","-","5.15","11.01","13.70","46.02","52.71","45.74","4657"
"814","-","-","-","11.00","13.68","45.97","52.65","45.69","4652"
"813","-","3.52","5.14","10.99","13.67","45.91","52.58","45.63","4647"
"812","-","-","-","10.98","13.65","45.86","52.52","45.58","4642"
"811","1.58","-","5.13","10.97","13.63","45.80","52.46","45.53","4637"
"810","-","3.51","-","10.96","13.62","45.75","52.40","45.47","4631"
"809","-","-","5.12","10.95","13.60","45.69","52.33","45.42","4626"
"808","-","-","-","10.94","13.59","45.64","52.27","45.36","4621"
"807","-","3.50","5.11","10.93","13.57","45.58","52.21","45.31","4616"
"806","-","-","-","10.92","13.55","45.53","52.15","45.25","4610"
"805","-","-","5.10","10.91","13.54","45.47","52.08","45.20","4605"
"804","-","3.49","-","10.90","13.52","45.42","52.02","45.15","4600"
"803","-","-","5.09","10.89","13.51","45.36","51.96","45.09","4595"
"802","-","-","-","10.88","13.49","45.31","51.90","45.04","4590"
"801","1.57","3.48","5.08","10.87","13.47","45.26","51.84","44.98","4584"
"800","-","-","-","10.86","13.46","45.20","51.77","44.93","4579"
"799","-","-","-","10.85","13.44","45.15","51.71","44.87","4574"
"798","-","3.47","5.07","10.84","13.42","45.09","51.65","44.82","4569"
"797","-","-","-","10.83","13.41","45.04","51.59","44.77","4564"
"796","-","-","5.06","10.82","13.39","44.98","51.52","44.71","4558"
"795","-","3.46","-","10.81","13.38","44.93","51.46","44.66","4553"
"794","-","-","5.05","10.80","13.36","44.87","51.40","44.60","4548"
"793","-","-","-","10.79","13.34","44.82","51.34","44.55","4543"
"792","1.56","3.45","5.04","10.78","13.33","44.76","51.27","44.49","4537"
"791","-","-","-","10.77","13.31","44.71","51.21","44.44","4532"
"790","-","-","5.03","10.76","13.30","44.65","51.15","44.38","4527"
"789","-","3.44","-","10.75","13.28","44.60","51.09","44.33","4522"
"788","-","-","5.02","10.74","13.26","44.55","51.03","44.28","4516"
"787","-","-","-","10.73","13.25","44.49","50.96","44.22","4511"
"786","-","3.43","5.01","10.72","13.23","44.44","50.90","44.17","4506"
"785","-","-","-","10.71","13.21","44.38","50.84","44.11","4501"
"784","-","-","-","10.70","13.20","44.33","50.78","44.06","4496"
"783","-","3.42","5.00","10.69","13.18","44.27","50.71","44.00","4490"
"782","1.55","-","-","10.68","13.17","44.22","50.65","43.95","4485"
"781","-","-","4.99","10.67","13.15","44.16","50.59","43.90","4480"
"780","-","3.41","-","10.66","13.13","44.11","50.53","43.84","4475"
"779","-","-","4.98","10.65","13.12","44.05","50.46","43.79","4469"
"778","-","-","-","10.64","13.10","44.00","50.40","43.73","4464"
"777","-","3.40","4.97","10.63","13.09","43.94","50.34","43.68","4459"
"776","-","-","-","10.62","13.07","43.89","50.28","43.62","4454"
"775","-","-","4.96","10.61","13.05","43.83","50.21","43.57","4448"
"774","-","3.39","-","10.60","13.04","43.78","50.15","43.52","4443"
"773","1.54","-","4.95","10.59","13.02","43.73","50.09","43.46","4438"
"772","-","-","-","10.58","13.00","43.67","50.03","43.41","4433"
"771","-","3.38","4.94","10.57","12.99","43.62","49.97","43.35","4428"
"770","-","-","-","10.56","12.97","43.56","49.90","43.30","4422"
"769","-","-","4.93","10.55","12.96","43.51","49.84","43.24","4417"
"768","-","3.37","-","10.54","12.94","43.45","49.78","43.19","4412"
"767","-","-","-","10.53","12.92","43.40","49.72","43.13","4407"
"766","-","-","4.92","10.52","12.91","43.34","49.65","43.08","4401"
"765","-","3.36","-","10.51","12.89","43.29","49.59","43.03","4396"
"764","-","-","4.91","10.50","12.88","43.23","49.53","42.97","4391"
"763","1.53","-","-","10.49","12.86","43.18","49.47","42.92","4386"
"762","-","3.35","4.90","10.48","12.84","43.12","49.40","42.86","4380"
"761","-","-","-","10.47","12.83","43.07","49.34","42.81","4375"
"760","-","-","4.89","10.46","12.81","43.01","49.28","42.75","4370"
"759","-","3.34","-","10.45","12.80","42.96","49.22","42.70","4365"
"758","-","-","4.88","10.44","12.78","42.91","49.16","42.65","4359"
"757","-","-","-","10.43","12.76","42.85","49.09","42.59","4354"
"756","-","3.33","4.87","10.42","12.75","42.80","49.03","42.54","4349"
"755","-","-","-","10.41","12.73","42.74","48.97","42.48","4344"
"754","1.52","-","4.86","10.40","12.71","42.69","48.91","42.43","4339"
"753","-","3.32","-","10.39","12.70","42.63","48.84","42.37","4333"
"752","-","-","-","10.38","12.68","42.58","48.78","42.32","4328"
"751","-","-","4.85","10.37","12.67","42.52","48.72","42.26","4323"
"750","-","3.31","-","10.36","12.65","42.47","48.66","42.21","4318"
"749","-","-","4.84","10.35","12.63","42.41","48.59","42.16","4312"
"748","-","-","-","10.34","12.62","42.36","48.53","42.10","4307"
"747","-","3.30","4.83","10.33","12.60","42.30","48.47","42.05","4302"
"746","-","-","-","10.32","12.59","42.25","48.41","41.99","4297"
"745","-","-","4.82","10.31","12.57","42.19","48.34","41.94","4291"
"744","1.51","3.29","-","10.30","12.55","42.14","48.28","41.88","4286"
"743","-","-","4.81","10.29","12.54","42.09","48.22","41.83","4281"
"742","-","-","-","10.27","12.52","42.03","48.16","41.78","4276"
"741","-","3.28","4.80","10.26","12.50","41.98","48.09","41.72","4270"
"740","-","-","-","10.25","12.49","41.92","48.03","41.67","4265"
"739","-","-","4.79","10.24","12.47","41.87","47.97","41.61","4260"
"738","-","3.27","-","10.23","12.46","41.81","47.91","41.56","4255"
"737","-","-","4.78","10.22","12.44","41.76","47.85","41.50","4249"
"736","-","-","-","10.21","12.42","41.70","47.78","41.45","4244"
"735","1.50","3.26","-","10.20","12.41","41.65","47.72","41.39","4239"
"734","-","-","4.77","10.19","12.39","41.59","47.66","41.34","4234"
"733","-","-","-","10.18","12.38","41.54","47.60","41.29","4228"
"732","-","3.25","4.76","10.17","12.36","41.48","47.53","41.23","4223"
"731","-","-","-","10.16","12.34","41.43","47.47","41.18","4218"
"730","-","-","4.75","10.15","12.33","41.37","47.41","41.12","4213"
"729","-","3.24","-","10.14","12.31","41.32","47.35","41.07","4207"
"728","-","-","4.74","10.13","12.29","41.26","47.28","41.01","4202"
"727","-","-","-","10.12","12.28","41.21","47.22","40.96","4197"
"726","-","3.23","4.73","10.11","12.26","41.15","47.16","40.90","4192"
"725","1.49","-","-","10.10","12.25","41.10","47.10","40.85","4186"
"724","-","-","4.72","10.09","12.23","41.05","47.03","40.80","4181"
"723","-","3.22","-","10.08","12.21","40.99","46.97","40.74","4176"
"722","-","-","4.71","10.07","12.20","40.94","46.91","40.69","4171"
"721","-","-","-","10.06","12.18","40.88","46.85","40.63","4165"
"720","-","3.21","4.70","10.05","12.17","40.83","46.78","40.58","4160"
"719","-","-","-","10.04","12.15","40.77","46.72","40.52","4155"
"718","-","-","4.69","10.03","12.13","40.72","46.66","40.47","4149"
"717","-","3.20","-","10.02","12.12","40.66","46.60","40.41","4144"
"716","1.48","-","-","10.01","12.10","40.61","46.53","40.36","4139"
"715","-","-","4.68","10.00","12.08","40.55","46.47","40.31","4134"
"714","-","3.19","-","9.99","12.07","40.50","46.41","40.25","4128"
"713","-","-","4.67","9.98","12.05","40.44","46.35","40.20","4123"
"712","-","-","-","9.97","12.04","40.39","46.28","40.14","4118"
"711","-","3.18","4.66","9.96","12.02","40.33","46.22","40.09","4113"
"710","-","-","-","9.95","12.00","40.28","46.16","40.03","4107"
"709","-","-","4.65","9.94","11.99","40.22","46.10","39.98","4102"
"708","-","3.17","-","9.93","11.97","40.17","46.03","39.92","4097"
"707","-","-","4.64","9.92","11.95","40.11","45.97","39.87","4092"
"706","1.47","-","-","9.91","11.94","40.06","45.91","39.82","4086"
"705","-","3.16","4.63","9.90","11.92","40.01","45.85","39.76","4081"
"704","-","-","-","9.89","11.91","39.95","45.79","39.71","4076"
"703","-","-","4.62","9.88","11.89","39.90","45.72","39.65","4071"
"702","-","3.15","-","9.87","11.87","39.84","45.66","39.60","4065"
"701","-","-","4.61","9.86","11.86","39.79","45.60","39.54","4060"
"700","-","-","-","9.85","11.84","39.73","45.54","39.49","4055"
"699","-","3.14","-","9.84","11.83","39.68","45.47","39.43","4049"
"698","-","-","4.60","9.83","11.81","39.62","45.41","39.38","4044"
"697","1.46","-","-","9.82","11.79","39.57","45.35","39.33","4039"
"696","-","3.13","4.59","9.81","11.78","39.51","45.29","39.27","4034"
"695","-","-","-","9.80","11.76","39.46","45.22","39.22","4028"
"694","-","-","4.58","9.79","11.74","39.40","45.16","39.16","4023"
"693","-","3.12","-","9.78","11.73","39.35","45.10","39.11","4018"
"692","-","-","4.57","9.77","11.71","39.29","45.04","39.05","4013"
"691","-","-","-","9.76","11.70","39.24","44.97","39.00","4007"
"690","-","3.11","4.56","9.75","11.68","39.18","44.91","38.94","4002"
"689","-","-","-","9.74","11.66","39.13","44.85","38.89","3997"
"688","-","-","4.55","9.73","11.65","39.07","44.79","38.84","3992"
"687","1.45","3.10","-","9.72","11.63","39.02","44.72","38.78","3986"
"686","-","-","4.54","9.71","11.62","38.96","44.66","38.73","3981"
"685","-","-","-","9.70","11.60","38.91","44.60","38.67","3976"
"684","-","3.09","4.53","9.69","11.58","38.86","44.54","38.62","3970"
"683","-","-","-","9.68","11.57","38.80","44.47","38.56","3965"
"682","-","-","4.52","9.67","11.55","38.75","44.41","38.51","3960"
"681","-","3.08","-","9.66","11.53","38.69","44.35","38.45","3955"
"680","-","-","-","9.65","11.52","38.64","44.29","38.40","3949"
"679","-","-","4.51","9.64","11.50","38.58","44.22","38.35","3944"
"678","1.44","3.07","-","9.63","11.49","38.53","44.16","38.29","3939"
"677","-","-","4.50","9.62","11.47","38.47","44.10","38.24","3933"
"676","-","-","-","9.61","11.45","38.42","44.04","38.18","3928"
"675","-","3.06","4.49","9.60","11.44","38.36","43.97","38.13","3923"
"674","-","-","-","9.59","11.42","38.31","43.91","38.07","3918"
"673","-","-","4.48","9.58","11.41","38.25","43.85","38.02","3912"
"672","-","3.05","-","9.57","11.39","38.20","43.79","37.96","3907"
"671","-","-","4.47","9.56","11.37","38.14","43.72","37.91","3902"
"670","-","-","-","9.55","11.36","38.09","43.66","37.86","3897"
"669","-","3.04","4.46","9.54","11.34","38.03","43.60","37.80","3891"
"668","1.43","-","-","9.53","11.32","37.98","43.54","37.75","3886"
"667","-","-","4.45","9.52","11.31","37.92","43.47","37.69","3881"
"666","-","3.03","-","9.51","11.29","37.87","43.41","37.64","3875"
"665","-","-","4.44","9.50","11.28","37.81","43.35","37.58","3870"
"664","-","-","-","9.49","11.26","37.76","43.29","37.53","3865"
"663","-","3.02","4.43","9.48","11.24","37.70","43.22","37.47","3860"
"662","-","-","-","9.47","11.23","37.65","43.16","37.42","3854"
"661","-","-","-","9.46","11.21","37.59","43.10","37.36","3849"
"660","-","3.01","4.42","9.45","11.19","37.54","43.04","37.31","3844"
"659","1.42","-","-","9.43","11.18","37.49","42.97","37.26","3838"
"658","-","-","4.41","9.42","11.16","37.43","42.91","37.20","3833"
"657","-","3.00","-","9.41","11.15","37.38","42.85","37.15","3828"
"656","-","-","4.40","9.40","11.13","37.32","42.79","37.09","3823"
"655","-","-","-","9.39","11.11","37.27","42.72","37.04","3817"
"654","-","2.99","4.39","9.38","11.10","37.21","42.66","36.98","3812"
"653","-","-","-","9.37","11.08","37.16","42.60","36.93","3807"
"652","-","-","4.38","9.36","11.07","37.10","42.54","36.87","3801"
"651","-","2.98","-","9.35","11.05","37.05","42.47","36.82","3796"
"650","-","-","4.37","9.34","11.03","36.99","42.41","36.77","3791"
"649","1.41","-","-","9.33","11.02","36.94","42.35","36.71","3786"
"648","-","2.97","4.36","9.32","11.00","36.88","42.29","36.66","3780"
"647","-","-","-","9.31","10.98","36.83","42.22","36.60","3775"
"646","-","-","4.35","9.30","10.97","36.77","42.16","36.55","3770"
"645","-","2.96","-","9.29","10.95","36.72","42.10","36.49","3764"
"644","-","-","4.34","9.28","10.94","36.66","42.04","36.44","3759"
"643","-","-","-","9.27","10.92","36.61","41.97","36.38","3754"
"642","-","2.95","-","9.26","10.90","36.55","41.91","36.33","3748"
"641","-","-","4.33","9.25","10.89","36.50","41.85","36.27","3743"
"640","1.40","-","-","9.24","10.87","36.44","41.79","36.22","3738"
"639","-","2.94","4.32","9.23","10.85","36.39","41.72","36.17","3733"
"638","-","-","-","9.22","10.84","36.33","41.66","36.11","3727"
"637","-","-","4.31","9.21","10.82","36.28","41.60","36.06","3722"
"636","-","2.93","-","9.20","10.81","36.22","41.54","36.00","3717"
"635","-","-","4.30","9.19","10.79","36.17","41.47","35.95","3711"
"634","-","-","-","9.18","10.77","36.11","41.41","35.89","3706"
"633","-","2.92","4.29","9.17","10.76","36.06","41.35","35.84","3701"
"632","-","-","-","9.16","10.74","36.00","41.29","35.78","3696"
"631","1.39","-","4.28","9.15","10.73","35.95","41.22","35.73","3690"
"630","-","2.91","-","9.14","10.71","35.90","41.16","35.67","3685"
"629","-","-","4.27","9.13","10.69","35.84","41.10","35.62","3680"
"628","-","-","-","9.12","10.68","35.79","41.03","35.57","3674"
"627","-","2.90","4.26","9.11","10.66","35.73","40.97","35.51","3669"
"626","-","-","-","9.10","10.64","35.68","40.91","35.46","3664"
"625","-","-","4.25","9.09","10.63","35.62","40.85","35.40","3658"
"624","-","2.89","-","9.08","10.61","35.57","40.78","35.35","3653"
"623","-","-","-","9.07","10.60","35.51","40.72","35.29","3648"
"622","-","-","4.24","9.06","10.58","35.46","40.66","35.24","3643"
"621","1.38","2.88","-","9.05","10.56","35.40","40.60","35.18","3637"
"620","-","-","4.23","9.04","10.55","35.35","40.53","35.13","3632"
"619","-","-","-","9.03","10.53","35.29","40.47","35.07","3627"
"618","-","2.87","4.22","9.02","10.51","35.24","40.41","35.02","3621"
"617","-","-","-","9.01","10.50","35.18","40.35","34.97","3616"
"616","-","-","4.21","9.00","10.48","35.13","40.28","34.91","3611"
"615","-","2.86","-","8.99","10.47","35.07","40.22","34.86","3605"
"614","-","-","4.20","8.98","10.45","35.02","40.16","34.80","3600"
"613","-","-","-","8.97","10.43","34.96","40.10","34.75","3595"
"612","1.37","2.85","4.19","8.96","10.42","34.91","40.03","34.69","3589"
"611","-","-","-","8.95","10.40","34.85","39.97","34.64","3584"
"610","-","-","4.18","8.94","10.39","34.80","39.91","34.58","3579"
"609","-","2.84","-","8.93","10.37","34.74","39.85","34.53","3574"
"608","-","-","4.17","8.92","10.35","34.69","39.78","34.47","3568"
"607","-","-","-","8.91","10.34","34.63","39.72","34.42","3563"
"606","-","2.83","4.16","8.90","10.32","34.58","39.66","34.36","3558"
"605","-","-","-","8.89","10.30","34.52","39.60","34.31","3552"
"604","-","-","4.15","8.87","10.29","34.47","39.53","34.26","3547"
"603","-","2.82","-","8.86","10.27","34.41","39.47","34.20","3542"
"602","1.36","-","-","8.85","10.26","34.36","39.41","34.15","3536"
"601","-","-","4.14","8.84","10.24","34.30","39.35","34.09","3531"
"600","-","2.81","-","8.83","10.22","34.25","39.28","34.04","3526"
"599","-","-","4.13","8.82","10.21","34.19","39.22","33.98","3520"
"598","-","-","-","8.81","10.19","34.14","39.16","33.93","3515"
"597","-","2.80","4.12","8.80","10.17","34.08","39.09","33.87","3510"
"596","-","-","-","8.79","10.16","34.03","39.03","33.82","3504"
"595","-","-","4.11","8.78","10.14","33.97","38.97","33.76","3499"
"594","-","2.79","-","8.77","10.13","33.92","38.91","33.71","3494"
"593","1.35","-","4.10","8.76","10.11","33.86","38.84","33.66","3489"
"592","-","-","-","8.75","10.09","33.81","38.78","33.60","3483"
"591","-","2.78","4.09","8.74","10.08","33.75","38.72","33.55","3478"
"590","-","-","-","8.73","10.06","33.70","38.66","33.49","3473"
"589","-","-","4.08","8.72","10.04","33.65","38.59","33.44","3467"
"588","-","2.77","-","8.71","10.03","33.59","38.53","33.38","3462"
"587","-","-","4.07","8.70","10.01","33.54","38.47","33.33","3457"
"586","-","-","-","8.69","10.00","33.48","38.41","33.27","3451"
"585","-","2.76","4.06","8.68","9.98","33.43","38.34","33.22","3446"
"584","1.34","-","-","8.67","9.96","33.37","38.28","33.16","3441"
"583","-","-","4.05","8.66","9.95","33.32","38.22","33.11","3435"
"582","-","2.75","-","8.65","9.93","33.26","38.16","33.05","3430"
"581","-","-","-","8.64","9.92","33.21","38.09","33.00","3425"
"580","-","-","4.04","8.63","9.90","33.15","38.03","32.95","3419"
"579","-","2.74","-","8.62","9.88","33.10","37.97","32.89","3414"
"578","-","-","4.03","8.61","9.87","33.04","37.90","32.84","3409"
"577","-","-","-","8.60","9.85","32.99","37.84","32.78","3403"
"576","-","2.73","4.02","8.59","9.83","32.93","37.78","32.73","3398"
"575","-","-","-","8.58","9.82","32.88","37.72","32.67","3393"
"574","1.33","-","4.01","8.57","9.80","32.82","37.65","32.62","3387"
"573","-","2.72","-","8.56","9.79","32.77","37.59","32.56","3382"
"572","-","-","4.00","8.55","9.77","32.71","37.53","32.51","3377"
"571","-","-","-","8.54","9.75","32.66","37.47","32.45","3371"
"570","-","2.71","3.99","8.53","9.74","32.60","37.40","32.40","3366"
"569","-","-","-","8.52","9.72","32.55","37.34","32.34","3361"
"568","-","-","3.98","8.51","9.70","32.49","37.28","32.29","3355"
"567","-","2.70","-","8.50","9.69","32.44","37.22","32.24","3350"
"566","-","-","3.97","8.49","9.67","32.38","37.15","32.18","3345"
"565","1.32","-","-","8.48","9.66","32.33","37.09","32.13","3339"
"564","-","2.69","3.96","8.47","9.64","32.27","37.03","32.07","3334"
"563","-","-","-","8.46","9.62","32.22","36.97","32.02","3329"
"562","-","-","3.95","8.45","9.61","32.16","36.90","31.96","3323"
"561","-","2.68","-","8.44","9.59","32.11","36.84","31.91","3318"
"560","-","-","3.94","8.42","9.57","32.05","36.78","31.85","3313"
"559","-","-","-","8.41","9.56","32.00","36.71","31.80","3307"
"558","-","2.67","-","8.40","9.54","31.94","36.65","31.74","3302"
"557","-","-","3.93","8.39","9.53","31.89","36.59","31.69","3297"
"556","-","-","-","8.38","9.51","31.83","36.53","31.63","3291"
"555","1.31","2.66","3.92","8.37","9.49","31.78","36.46","31.58","3286"
"554","-","-","-","8.36","9.48","31.72","36.40","31.53","3281"
"553","-","-","3.91","8.35","9.46","31.67","36.34","31.47","3275"
"552","-","2.65","-","8.34","9.44","31.61","36.28","31.42","3270"
"551","-","-","3.90","8.33","9.43","31.56","36.21","31.36","3265"
"550","-","2.64","-","8.32","9.41","31.50","36.15","31.31","3259"
"549","-","-","3.89","8.31","9.40","31.45","36.09","31.25","3254"
"548","-","-","-","8.30","9.38","31.39","36.03","31.20","3249"
"547","-","2.63","3.88","8.29","9.36","31.34","35.96","31.14","3243"
"546","1.30","-","-","8.28","9.35","31.28","35.90","31.09","3238"
"545","-","-","3.87","8.27","9.33","31.23","35.84","31.03","3233"
"544","-","2.62","-","8.26","9.31","31.17","35.77","30.98","3227"
"543","-","-","3.86","8.25","9.30","31.12","35.71","30.92","3222"
"542","-","-","-","8.24","9.28","31.06","35.65","30.87","3217"
"541","-","2.61","3.85","8.23","9.27","31.01","35.59","30.81","3211"
"540","-","-","-","8.22","9.25","30.95","35.52","30.76","3206"
"539","-","-","3.84","8.21","9.23","30.90","35.46","30.71","3201"
"538","-","2.60","-","8.20","9.22","30.84","35.40","30.65","3195"
"537","1.29","-","3.83","8.19","9.20","30.79","35.34","30.60","3190"
"536","-","-","-","8.18","9.18","30.73","35.27","30.54","3185"
"535","-","2.59","3.82","8.17","9.17","30.68","35.21","30.49","3179"
"534","-","-","-","8.16","9.15","30.62","35.15","30.43","3174"
"533","-","-","-","8.15","9.14","30.57","35.08","30.38","3169"
"532","-","2.58","3.81","8.14","9.12","30.51","35.02","30.32","3163"
"531","-","-","-","8.13","9.10","30.46","34.96","30.27","3158"
"530","-","-","3.80","8.12","9.09","30.40","34.90","30.21","3153"
"529","-","2.57","-","8.11","9.07","30.35","34.83","30.16","3147"
"528","-","-","3.79","8.10","9.06","30.29","34.77","30.10","3142"
"527","1.28","-","-","8.09","9.04","30.24","34.71","30.05","3137"
"526","-","2.56","3.78","8.08","9.02","30.18","34.65","29.99","3131"
"525","-","-","-","8.07","9.01","30.13","34.58","29.94","3126"
"524","-","-","3.77","8.06","8.99","30.07","34.52","29.89","3120"
"523","-","2.55","-","8.05","8.97","30.02","34.46","29.83","3115"
"522","-","-","3.76","8.03","8.96","29.96","34.39","29.78","3110"
"521","-","-","-","8.02","8.94","29.91","34.33","29.72","3104"
"520","-","2.54","3.75","8.01","8.93","29.85","34.27","29.67","3099"
"519","-","-","-","8.00","8.91","29.80","34.21","29.61","3094"
"518","1.27","-","3.74","7.99","8.89","29.74","34.14","29.56","3088"
"517","-","2.53","-","7.98","8.88","29.69","34.08","29.50","3083"
"516","-","-","3.73","7.97","8.86","29.63","34.02","29.45","3078"
"515","-","-","-","7.96","8.84","29.58","33.96","29.39","3072"
"514","-","2.52","3.72","7.95","8.83","29.52","33.89","29.34","3067"
"513","-","-","-","7.94","8.81","29.47","33.83","29.28","3062"
"512","-","-","3.71","7.93","8.80","29.41","33.77","29.23","3056"
"511","-","2.51","-","7.92","8.78","29.36","33.70","29.17","3051"
"510","-","-","-","7.91","8.76","29.30","33.64","29.12","3046"
"509","1.26","-","3.70","7.90","8.75","29.25","33.58","29.06","3040"
"508","-","2.50","-","7.89","8.73","29.19","33.52","29.01","3035"
"507","-","-","3.69","7.88","8.71","29.14","33.45","28.96","3029"
"506","-","-","-","7.87","8.70","29.08","33.39","28.90","3024"
"505","-","2.49","3.68","7.86","8.68","29.03","33.33","28.85","3019"
"504","-","-","-","7.85","8.67","28.97","33.27","28.79","3013"
"503","-","-","3.67","7.84","8.65","28.92","33.20","28.74","3008"
"502","-","2.48","-","7.83","8.63","28.86","33.14","28.68","3003"
"501","-","-","3.66","7.82","8.62","28.81","33.08","28.63","2997"
"500","1.25","-","-","7.81","8.60","28.75","33.01","28.57","2992"
"499","-","2.47","3.65","7.80","8.58","28.70","32.95","28.52","2987"
"498","-","-","-","7.79","8.57","28.64","32.89","28.46","2981"
"497","-","-","3.64","7.78","8.55","28.59","32.83","28.41","2976"
"496","-","2.46","-","7.77","8.54","28.53","32.76","28.35","2970"
"495","-","-","3.63","7.76","8.52","28.48","32.70","28.30","2965"
"494","-","-","-","7.75","8.50","28.42","32.64","28.24","2960"
"493","-","2.45","3.62","7.74","8.49","28.37","32.58","28.19","2954"
"492","-","-","-","7.73","8.47","28.31","32.51","28.13","2949"
"491","-","-","3.61","7.72","8.45","28.26","32.45","28.08","2944"
"490","1.24","2.44","-","7.71","8.44","28.20","32.39","28.02","2938"
"489","-","-","3.60","7.70","8.42","28.15","32.32","27.97","2933"
"488","-","-","-","7.68","8.41","28.09","32.26","27.92","2928"
"487","-","2.43","3.59","7.67","8.39","28.04","32.20","27.86","2922"
"486","-","-","-","7.66","8.37","27.98","32.14","27.81","2917"
"485","-","2.42","3.58","7.65","8.36","27.93","32.07","27.75","2911"
"484","-","-","-","7.64","8.34","27.87","32.01","27.70","2906"
"483","-","-","-","7.63","8.32","27.82","31.95","27.64","2901"
"482","-","2.41","3.57","7.62","8.31","27.76","31.88","27.59","2895"
"481","1.23","-","-","7.61","8.29","27.71","31.82","27.53","2890"
"480","-","-","3.56","7.60","8.28","27.65","31.76","27.48","2885"
"479","-","2.40","-","7.59","8.26","27.60","31.70","27.42","2879"
"478","-","-","3.55","7.58","8.24","27.54","31.63","27.37","2874"
"477","-","-","-","7.57","8.23","27.49","31.57","27.31","2868"
"476","-","2.39","3.54","7.56","8.21","27.43","31.51","27.26","2863"
"475","-","-","-","7.55","8.19","27.38","31.45","27.20","2858"
"474","-","-","3.53","7.54","8.18","27.32","31.38","27.15","2852"
"473","-","2.38","-","7.53","8.16","27.27","31.32","27.09","2847"
"472","1.22","-","3.52","7.52","8.15","27.21","31.26","27.04","2842"
"471","-","-","-","7.51","8.13","27.16","31.19","26.98","2836"
"470","-","2.37","3.51","7.50","8.11","27.10","31.13","26.93","2831"
"469","-","-","-","7.49","8.10","27.05","31.07","26.88","2825"
"468","-","-","3.50","7.48","8.08","26.99","31.01","26.82","2820"
"467","-","2.36","-","7.47","8.06","26.94","30.94","26.77","2815"
"466","-","-","3.49","7.46","8.05","26.88","30.88","26.71","2809"
"465","-","-","-","7.45","8.03","26.83","30.82","26.66","2804"
"464","-","2.35","3.48","7.44","8.02","26.77","30.75","26.60","2799"
"463","-","-","-","7.43","8.00","26.72","30.69","26.55","2793"
"462","1.21","-","3.47","7.42","7.98","26.66","30.63","26.49","2788"
"461","-","2.34","-","7.41","7.97","26.61","30.57","26.44","2782"
"460","-","-","3.46","7.40","7.95","26.55","30.50","26.38","2777"
"459","-","-","-","7.39","7.93","26.50","30.44","26.33","2772"
"458","-","2.33","3.45","7.37","7.92","26.44","30.38","26.27","2766"
"457","-","-","-","7.36","7.90","26.39","30.31","26.22","2761"
"456","-","-","3.44","7.35","7.89","26.33","30.25","26.16","2756"
"455","-","2.32","-","7.34","7.87","26.28","30.19","26.11","2750"
"454","-","-","-","7.33","7.85","26.22","30.13","26.05","2745"
"453","1.20","-","3.43","7.32","7.84","26.17","30.06","26.00","2739"
"452","-","2.31","-","7.31","7.82","26.11","30.00","25.94","2734"
"451","-","-","3.42","7.30","7.80","26.06","29.94","25.89","2729"
"450","-","-","-","7.29","7.79","26.00","29.87","25.83","2723"
"449","-","2.30","3.41","7.28","7.77","25.95","29.81","25.78","2718"
"448","-","-","-","7.27","7.75","25.89","29.75","25.73","2712"
"447","-","-","3.40","7.26","7.74","25.83","29.69","25.67","2707"
"446","-","2.29","-","7.25","7.72","25.78","29.62","25.62","2702"
"445","-","-","3.39","7.24","7.71","25.72","29.56","25.56","2696"
"444","1.19","-","-","7.23","7.69","25.67","29.50","25.51","2691"
"443","-","2.28","3.38","7.22","7.67","25.61","29.43","25.45","2686"
"442","-","-","-","7.21","7.66","25.56","29.37","25.40","2680"
"441","-","-","3.37","7.20","7.64","25.50","29.31","25.34","2675"
"440","-","2.27","-","7.19","7.62","25.45","29.25","25.29","2669"
"439","-","-","3.36","7.18","7.61","25.39","29.18","25.23","2664"
"438","-","2.26","-","7.17","7.59","25.34","29.12","25.18","2659"
"437","-","-","3.35","7.16","7.58","25.28","29.06","25.12","2653"
"436","-","-","-","7.15","7.56","25.23","28.99","25.07","2648"
"435","1.18","2.25","3.34","7.14","7.54","25.17","28.93","25.01","2642"
"434","-","-","-","7.13","7.53","25.12","28.87","24.96","2637"
"433","-","-","3.33","7.12","7.51","25.06","28.81","24.90","2632"
"432","-","2.24","-","7.11","7.49","25.01","28.74","24.85","2626"
"431","-","-","3.32","7.10","7.48","24.95","28.68","24.79","2621"
"430","-","-","-","7.08","7.46","24.90","28.62","24.74","2615"
"429","-","2.23","3.31","7.07","7.45","24.84","28.55","24.68","2610"
"428","-","-","-","7.06","7.43","24.79","28.49","24.63","2605"
"427","-","-","3.30","7.05","7.41","24.73","28.43","24.57","2599"
"426","-","2.22","-","7.04","7.40","24.68","28.37","24.52","2594"
"425","1.17","-","-","7.03","7.38","24.62","28.30","24.46","2588"
"424","-","-","3.29","7.02","7.36","24.57","28.24","24.41","2583"
"423","-","2.21","-","7.01","7.35","24.51","28.18","24.35","2578"
"422","-","-","3.28","7.00","7.33","24.46","28.11","24.30","2572"
"421","-","-","-","6.99","7.32","24.40","28.05","24.25","2567"
"420","-","2.20","3.27","6.98","7.30","24.35","27.99","24.19","2561"
"419","-","-","-","6.97","7.28","24.29","27.93","24.14","2556"
"418","-","-","3.26","6.96","7.27","24.24","27.86","24.08","2551"
"417","-","2.19","-","6.95","7.25","24.18","27.80","24.03","2545"
"416","1.16","-","3.25","6.94","7.23","24.13","27.74","23.97","2540"
"415","-","-","-","6.93","7.22","24.07","27.67","23.92","2534"
"414","-","2.18","3.24","6.92","7.20","24.02","27.61","23.86","2529"
"413","-","-","-","6.91","7.19","23.96","27.55","23.81","2524"
"412","-","-","3.23","6.90","7.17","23.91","27.49","23.75","2518"
"411","-","2.17","-","6.89","7.15","23.85","27.42","23.70","2513"
"410","-","-","3.22","6.88","7.14","23.80","27.36","23.64","2507"
"409","-","-","-","6.87","7.12","23.74","27.30","23.59","2502"
"408","-","2.16","3.21","6.86","7.10","23.69","27.23","23.53","2497"
"407","1.15","-","-","6.85","7.09","23.63","27.17","23.48","2491"
"406","-","-","3.20","6.84","7.07","23.57","27.11","23.42","2486"
"405","-","2.15","-","6.83","7.06","23.52","27.05","23.37","2480"
"404","-","-","3.19","6.81","7.04","23.46","26.98","23.31","2475"
"403","-","-","-","6.80","7.02","23.41","26.92","23.26","2470"
"402","-","2.14","3.18","6.79","7.01","23.35","26.86","23.20","2464"
"401","-","-","-","6.78","6.99","23.30","26.79","23.15","2459"
"400","-","-","3.17","6.77","6.97","23.24","26.73","23.09","2453"
"399","-","2.13","-","6.76","6.96","23.19","26.67","23.04","2448"
"398","1.14","-","3.16","6.75","6.94","23.13","26.61","22.98","2442"
"397","-","2.12","-","6.74","6.92","23.08","26.54","22.93","2437"
"396","-","-","3.15","6.73","6.91","23.02","26.48","22.87","2432"
"395","-","-","-","6.72","6.89","22.97","26.42","22.82","2426"
"394","-","2.11","3.14","6.71","6.88","22.91","26.35","22.76","2421"
"393","-","-","-","6.70","6.86","22.86","26.29","22.71","2415"
"392","-","-","-","6.69","6.84","22.80","26.23","22.65","2410"
"391","-","2.10","3.13","6.68","6.83","22.75","26.16","22.60","2405"
"390","-","-","-","6.67","6.81","22.69","26.10","22.55","2399"
"389","-","-","3.12","6.66","6.79","22.64","26.04","22.49","2394"
"388","1.13","2.09","-","6.65","6.78","22.58","25.98","22.44","2388"
"387","-","-","3.11","6.64","6.76","22.53","25.91","22.38","2383"
"386","-","-","-","6.63","6.75","22.47","25.85","22.33","2377"
"385","-","2.08","3.10","6.62","6.73","22.42","25.79","22.27","2372"
"384","-","-","-","6.61","6.71","22.36","25.72","22.22","2367"
"383","-","-","3.09","6.60","6.70","22.31","25.66","22.16","2361"
"382","-","2.07","-","6.59","6.68","22.25","25.60","22.11","2356"
"381","-","-","3.08","6.58","6.66","22.20","25.54","22.05","2350"
"380","-","-","-","6.57","6.65","22.14","25.47","22.00","2345"
"379","1.12","2.06","3.07","6.55","6.63","22.09","25.41","21.94","2340"
"378","-","-","-","6.54","6.62","22.03","25.35","21.89","2334"
"377","-","-","3.06","6.53","6.60","21.97","25.28","21.83","2329"
"376","-","2.05","-","6.52","6.58","21.92","25.22","21.78","2323"
"375","-","-","3.05","6.51","6.57","21.86","25.16","21.72","2318"
"374","-","-","-","6.50","6.55","21.81","25.10","21.67","2312"
"373","-","2.04","3.04","6.49","6.53","21.75","25.03","21.61","2307"
"372","-","-","-","6.48","6.52","21.70","24.97","21.56","2302"
"371","-","-","3.03","6.47","6.50","21.64","24.91","21.50","2296"
"370","1.11","2.03","-","6.46","6.48","21.59","24.84","21.45","2291"
"369","-","-","3.02","6.45","6.47","21.53","24.78","21.39","2285"
"368","-","-","-","6.44","6.45","21.48","24.72","21.34","2280"
"367","-","2.02","3.01","6.43","6.44","21.42","24.65","21.28","2274"
"366","-","-","-","6.42","6.42","21.37","24.59","21.23","2269"
"365","-","-","3.00","6.41","6.40","21.31","24.53","21.17","2264"
"364","-","2.01","-","6.40","6.39","21.26","24.47","21.12","2258"
"363","-","-","2.99","6.39","6.37","21.20","24.40","21.06","2253"
"362","-","2.00","-","6.38","6.35","21.15","24.34","21.01","2247"
"361","1.10","-","2.98","6.37","6.34","21.09","24.28","20.95","2242"
"360","-","-","-","6.36","6.32","21.04","24.21","20.90","2236"
"359","-","1.99","2.97","6.35","6.31","20.98","24.15","20.84","2231"
"358","-","-","-","6.34","6.29","20.93","24.09","20.79","2226"
"357","-","-","2.96","6.33","6.27","20.87","24.02","20.73","2220"
"356","-","1.98","-","6.31","6.26","20.82","23.96","20.68","2215"
"355","-","-","-","6.30","6.24","20.76","23.90","20.62","2209"
"354","-","-","2.95","6.29","6.22","20.71","23.84","20.57","2204"
"353","-","1.97","-","6.28","6.21","20.65","23.77","20.51","2198"
"352","1.09","-","2.94","6.27","6.19","20.59","23.71","20.46","2193"
"351","-","-","-","6.26","6.18","20.54","23.65","20.40","2188"
"350","-","1.96","2.93","6.25","6.16","20.48","23.58","20.35","2182"
"349","-","-","-","6.24","6.14","20.43","23.52","20.29","2177"
"348","-","-","2.92","6.23","6.13","20.37","23.46","20.24","2171"
"347","-","1.95","-","6.22","6.11","20.32","23.39","20.18","2166"
"346","-","-","2.91","6.21","6.09","20.26","23.33","20.13","2160"
"345","-","-","-","6.20","6.08","20.21","23.27","20.07","2155"
"344","-","1.94","2.90","6.19","6.06","20.15","23.21","20.02","2149"
"343","-","-","-","6.18","6.04","20.10","23.14","19.96","2144"
"342","1.08","-","2.89","6.17","6.03","20.04","23.08","19.91","2139"
"341","-","1.93","-","6.16","6.01","19.99","23.02","19.85","2133"
"340","-","-","2.88","6.15","6.00","19.93","22.95","19.80","2128"
"339","-","-","-","6.14","5.98","19.88","22.89","19.75","2122"
"338","-","1.92","2.87","6.13","5.96","19.82","22.83","19.69","2117"
"337","-","-","-","6.12","5.95","19.77","22.76","19.64","2111"
"336","-","-","2.86","6.11","5.93","19.71","22.70","19.58","2106"
"335","-","1.91","-","6.10","5.91","19.66","22.64","19.53","2100"
"334","-","-","2.85","6.09","5.90","19.60","22.58","19.47","2095"
"333","1.07","-","-","6.07","5.88","19.55","22.51","19.42","2090"
"332","-","1.90","2.84","6.06","5.87","19.49","22.45","19.36","2084"
"331","-","-","-","6.05","5.85","19.43","22.39","19.31","2079"
"330","-","1.89","2.83","6.04","5.83","19.38","22.32","19.25","2073"
"329","-","-","-","6.03","5.82","19.32","22.26","19.20","2068"
"328","-","-","2.82","6.02","5.80","19.27","22.20","19.14","2062"
"327","-","1.88","-","6.01","5.78","19.21","22.13","19.09","2057"
"326","-","-","2.81","6.00","5.77","19.16","22.07","19.03","2051"
"325","-","-","-","5.99","5.75","19.10","22.01","18.98","2046"
"324","1.06","1.87","2.80","5.98","5.73","19.05","21.95","18.92","2041"
"323","-","-","-","5.97","5.72","18.99","21.88","18.87","2035"
"322","-","-","2.79","5.96","5.70","18.94","21.82","18.81","2030"
"321","-","1.86","-","5.95","5.69","18.88","21.76","18.76","2024"
"320","-","-","2.78","5.94","5.67","18.83","21.69","18.70","2019"
"319","-","-","-","5.93","5.65","18.77","21.63","18.65","2013"
"318","-","1.85","2.77","5.92","5.64","18.72","21.57","18.59","2008"
"317","-","-","-","5.91","5.62","18.66","21.50","18.54","2002"
"316","-","-","2.76","5.90","5.60","18.61","21.44","18.48","1997"
"315","1.05","1.84","-","5.89","5.59","18.55","21.38","18.43","1991"
"314","-","-","2.75","5.88","5.57","18.50","21.32","18.37","1986"
"313","-","-","-","5.87","5.56","18.44","21.25","18.32","1981"
"312","-","1.83","-","5.85","5.54","18.38","21.19","18.26","1975"
"311","-","-","2.74","5.84","5.52","18.33","21.13","18.21","1970"
"310","-","-","-","5.83","5.51","18.27","21.06","18.15","1964"
"309","-","1.82","2.73","5.82","5.49","18.22","21.00","18.10","1959"
"308","-","-","-","5.81","5.47","18.16","20.94","18.04","1953"
"307","-","-","2.72","5.80","5.46","18.11","20.87","17.99","1948"
"306","1.04","1.81","-","5.79","5.44","18.05","20.81","17.93","1942"
"305","-","-","2.71","5.78","5.42","18.00","20.75","17.88","1937"
"304","-","-","-","5.77","5.41","17.94","20.68","17.82","1931"
"303","-","1.80","2.70","5.76","5.39","17.89","20.62","17.77","1926"
"302","-","-","-","5.75","5.38","17.83","20.56","17.71","1921"
"301","-","1.79","2.69","5.74","5.36","17.78","20.50","17.66","1915"
"300","-","-","-","5.73","5.34","17.72","20.43","17.60","1910"
"299","-","-","2.68","5.72","5.33","17.67","20.37","17.55","1904"
"298","-","1.78","-","5.71","5.31","17.61","20.31","17.49","1899"
"297","1.03","-","2.67","5.70","5.29","17.56","20.24","17.44","1893"
"296","-","-","-","5.69","5.28","17.50","20.18","17.38","1888"
"295","-","1.77","2.66","5.68","5.26","17.44","20.12","17.33","1882"
"294","-","-","-","5.67","5.24","17.39","20.05","17.27","1877"
"293","-","-","2.65","5.66","5.23","17.33","19.99","17.22","1871"
"292","-","1.76","-","5.64","5.21","17.28","19.93","17.16","1866"
"291","-","-","2.64","5.63","5.20","17.22","19.86","17.11","1860"
"290","-","-","-","5.62","5.18","17.17","19.80","17.05","1855"
"289","-","1.75","2.63","5.61","5.16","17.11","19.74","17.00","1850"
"288","1.02","-","-","5.60","5.15","17.06","19.68","16.94","1844"
"287","-","-","2.62","5.59","5.13","17.00","19.61","16.89","1839"
"286","-","1.74","-","5.58","5.11","16.95","19.55","16.83","1833"
"285","-","-","2.61","5.57","5.10","16.89","19.49","16.78","1828"
"284","-","-","-","5.56","5.08","16.84","19.42","16.72","1822"
"283","-","1.73","2.60","5.55","5.07","16.78","19.36","16.67","1817"
"282","-","-","-","5.54","5.05","16.73","19.30","16.61","1811"
"281","-","-","2.59","5.53","5.03","16.67","19.23","16.56","1806"
"280","-","1.72","-","5.52","5.02","16.61","19.17","16.50","1800"
"279","-","-","2.58","5.51","5.00","16.56","19.11","16.45","1795"
"278","1.01","-","-","5.50","4.98","16.50","19.04","16.39","1789"
"277","-","1.71","2.57","5.49","4.97","16.45","18.98","16.34","1784"
"276","-","-","-","5.48","4.95","16.39","18.92","16.28","1778"
"275","-","1.70","2.56","5.47","4.93","16.34","18.86","16.23","1773"
"274","-","-","-","5.46","4.92","16.28","18.79","16.17","1767"
"273","-","-","2.55","5.44","4.90","16.23","18.73","16.12","1762"
"272","-","1.69","-","5.43","4.89","16.17","18.67","16.06","1756"
"271","-","-","2.54","5.42","4.87","16.12","18.60","16.01","1751"
"270","-","-","-","5.41","4.85","16.06","18.54","15.95","1746"
"269","1.00","1.68","2.53","5.40","4.84","16.01","18.48","15.90","1740"
"268","-","-","-","5.39","4.82","15.95","18.41","15.84","1735"
"267","-","-","2.52","5.38","4.80","15.90","18.35","15.79","1729"
"266","-","1.67","-","5.37","4.79","15.84","18.29","15.73","1724"
"265","-","-","2.51","5.36","4.77","15.78","18.22","15.68","1718"
"264","-","-","-","5.35","4.75","15.73","18.16","15.62","1713"
"263","-","1.66","2.50","5.34","4.74","15.67","18.10","15.57","1707"
"262","-","-","-","5.33","4.72","15.62","18.03","15.51","1702"
"261","-","-","2.49","5.32","4.71","15.56","17.97","15.46","1696"
"260","0.99","1.65","-","5.31","4.69","15.51","17.91","15.40","1691"
"259","-","-","-","5.30","4.67","15.45","17.85","15.35","1685"
"258","-","-","2.48","5.29","4.66","15.40","17.78","15.29","1680"
"257","-","1.64","-","5.28","4.64","15.34","17.72","15.24","1674"
"256","-","-","2.47","5.27","4.62","15.29","17.66","15.18","1669"
"255","-","-","-","5.26","4.61","15.23","17.59","15.13","1663"
"254","-","1.63","2.46","5.24","4.59","15.18","17.53","15.07","1658"
"253","-","-","-","5.23","4.58","15.12","17.47","15.02","1652"
"252","-","-","2.45","5.22","4.56","15.07","17.40","14.96","1647"
"251","0.98","1.62","-","5.21","4.54","15.01","17.34","14.91","1641"
"250","-","-","2.44","5.20","4.53","14.95","17.28","14.85","1636"
"249","-","1.61","-","5.19","4.51","14.90","17.21","14.80","1630"
"248","-","-","2.43","5.18","4.49","14.84","17.15","14.74","1625"
"247","-","-","-","5.17","4.48","14.79","17.09","14.69","1619"
"246","-","1.60","2.42","5.16","4.46","14.73","17.02","14.63","1614"
"245","-","-","-","5.15","4.44","14.68","16.96","14.58","1608"
"244","-","-","2.41","5.14","4.43","14.62","16.90","14.52","1603"
"243","-","1.59","-","5.13","4.41","14.57","16.84","14.47","1597"
"242","0.97","-","2.40","5.12","4.40","14.51","16.77","14.41","1592"
"241","-","-","-","5.11","4.38","14.46","16.71","14.36","1586"
"240","-","1.58","2.39","5.10","4.36","14.40","16.65","14.30","1581"
"239","-","-","-","5.09","4.35","14.35","16.58","14.24","1575"
"238","-","-","2.38","5.08","4.33","14.29","16.52","14.19","1570"
"237","-","1.57","-","5.07","4.31","14.23","16.46","14.13","1564"
"236","-","-","2.37","5.05","4.30","14.18","16.39","14.08","1559"
"235","-","-","-","5.04","4.28","14.12","16.33","14.02","1553"
"234","-","1.56","2.36","5.03","4.26","14.07","16.27","13.97","1548"
"233","0.96","-","-","5.02","4.25","14.01","16.20","13.91","1542"
"232","-","-","2.35","5.01","4.23","13.96","16.14","13.86","1537"
"231","-","1.55","-","5.00","4.22","13.90","16.08","13.80","1531"
"230","-","-","2.34","4.99","4.20","13.85","16.01","13.75","1526"
"229","-","-","-","4.98","4.18","13.79","15.95","13.69","1521"
"228","-","1.54","2.33","4.97","4.17","13.74","15.89","13.64","1515"
"227","-","-","-","4.96","4.15","13.68","15.82","13.58","1510"
"226","-","1.53","2.32","4.95","4.13","13.63","15.76","13.53","1504"
"225","-","-","-","4.94","4.12","13.57","15.70","13.47","1499"
"224","0.95","-","2.31","4.93","4.10","13.51","15.64","13.42","1493"
"223","-","1.52","-","4.92","4.08","13.46","15.57","13.36","1487"
"222","-","-","2.30","4.91","4.07","13.40","15.51","13.31","1482"
"221","-","-","-","4.90","4.05","13.35","15.45","13.25","1476"
"220","-","1.51","2.29","4.89","4.04","13.29","15.38","13.20","1471"
"219","-","-","-","4.88","4.02","13.24","15.32","13.14","1465"
"218","-","-","2.28","4.86","4.00","13.18","15.26","13.09","1460"
"217","-","1.50","-","4.85","3.99","13.13","15.19","13.03","1454"
"216","-","-","2.27","4.84","3.97","13.07","15.13","12.98","1449"
"215","0.94","-","-","4.83","3.95","13.02","15.07","12.92","1443"
"214","-","1.49","2.26","4.82","3.94","12.96","15.00","12.87","1438"
"213","-","-","-","4.81","3.92","12.91","14.94","12.81","1432"
"212","-","-","2.25","4.80","3.90","12.85","14.88","12.76","1427"
"211","-","1.48","-","4.79","3.89","12.79","14.81","12.70","1421"
"210","-","-","2.24","4.78","3.87","12.74","14.75","12.65","1416"
"209","-","-","-","4.77","3.86","12.68","14.69","12.59","1410"
"208","-","1.47","2.23","4.76","3.84","12.63","14.62","12.54","1405"
"207","-","-","-","4.75","3.82","12.57","14.56","12.48","1399"
"206","0.93","-","2.22","4.74","3.81","12.52","14.50","12.43","1394"
"205","-","1.46","-","4.73","3.79","12.46","14.43","12.37","1388"
"204","-","-","2.21","4.72","3.77","12.41","14.37","12.32","1383"
"203","-","1.45","-","4.71","3.76","12.35","14.31","12.26","1377"
"202","-","-","2.20","4.70","3.74","12.30","14.24","12.21","1372"
"201","-","-","-","4.68","3.72","12.24","14.18","12.15","1366"
"200","-","1.44","2.19","4.67","3.71","12.18","14.12","12.10","1361"
"199","-","-","-","4.66","3.69","12.13","14.05","12.04","1355"
"198","-","-","2.18","4.65","3.68","12.07","13.99","11.99","1350"
"197","0.92","1.43","-","4.64","3.66","12.02","13.93","11.93","1344"
"196","-","-","2.17","4.63","3.64","11.96","13.87","11.88","1339"
"195","-","-","-","4.62","3.63","11.91","13.80","11.82","1333"
"194","-","1.42","2.16","4.61","3.61","11.85","13.74","11.77","1328"
"193","-","-","-","4.60","3.59","11.80","13.68","11.71","1322"
"192","-","-","2.15","4.59","3.58","11.74","13.61","11.66","1317"
"191","-","1.41","-","4.58","3.56","11.69","13.55","11.60","1311"
"190","-","-","2.14","4.57","3.54","11.63","13.49","11.54","1306"
"189","-","-","-","4.56","3.53","11.57","13.42","11.49","1300"
"188","0.91","1.40","2.13","4.55","3.51","11.52","13.36","11.43","1295"
"187","-","-","-","4.54","3.50","11.46","13.30","11.38","1289"
"186","-","-","2.12","4.53","3.48","11.41","13.23","11.32","1284"
"185","-","1.39","-","4.52","3.46","11.35","13.17","11.27","1278"
"184","-","-","-","4.50","3.45","11.30","13.11","11.21","1273"
"183","-","1.38","2.11","4.49","3.43","11.24","13.04","11.16","1267"
"182","-","-","-","4.48","3.41","11.19","12.98","11.10","1261"
"181","-","-","2.10","4.47","3.40","11.13","12.92","11.05","1256"
"180","-","1.37","-","4.46","3.38","11.08","12.85","10.99","1250"
"179","0.90","-","2.09","4.45","3.36","11.02","12.79","10.94","1245"
"178","-","-","-","4.44","3.35","10.96","12.73","10.88","1239"
"177","-","1.36","2.08","4.43","3.33","10.91","12.66","10.83","1234"
"176","-","-","-","4.42","3.32","10.85","12.60","10.77","1228"
"175","-","-","2.07","4.41","3.30","10.80","12.54","10.72","1223"
"174","-","1.35","-","4.40","3.28","10.74","12.47","10.66","1217"
"173","-","-","2.06","4.39","3.27","10.69","12.41","10.61","1212"
"172","-","-","-","4.38","3.25","10.63","12.35","10.55","1206"
"171","-","1.34","2.05","4.37","3.23","10.58","12.28","10.50","1201"
"170","0.89","-","-","4.36","3.22","10.52","12.22","10.44","1195"
"169","-","-","2.04","4.35","3.20","10.47","12.16","10.39","1190"
"168","-","1.33","-","4.33","3.18","10.41","12.09","10.33","1184"
"167","-","-","2.03","4.32","3.17","10.35","12.03","10.28","1179"
"166","-","-","-","4.31","3.15","10.30","11.97","10.22","1173"
"165","-","1.32","2.02","4.30","3.14","10.24","11.90","10.17","1167"
"164","-","-","-","4.29","3.12","10.19","11.84","10.11","1162"
"163","-","1.31","2.01","4.28","3.10","10.13","11.78","10.06","1156"
"162","-","-","-","4.27","3.09","10.08","11.71","10.00","1151"
"161","0.88","-","2.00","4.26","3.07","10.02","11.65","9.95","1145"
"160","-","1.30","-","4.25","3.05","9.97","11.59","9.89","1140"
"159","-","-","1.99","4.24","3.04","9.91","11.52","9.83","1134"
"158","-","-","-","4.23","3.02","9.86","11.46","9.78","1129"
"157","-","1.29","1.98","4.22","3.00","9.80","11.40","9.72","1123"
"156","-","-","-","4.21","2.99","9.74","11.33","9.67","1118"
"155","-","-","1.97","4.20","2.97","9.69","11.27","9.61","1112"
"154","-","1.28","-","4.19","2.95","9.63","11.21","9.56","1107"
"153","-","-","1.96","4.18","2.94","9.58","11.15","9.50","1101"
"152","0.87","-","-","4.16","2.92","9.52","11.08","9.45","1095"
"151","-","1.27","1.95","4.15","2.91","9.47","11.02","9.39","1090"
"150","-","-","-","4.14","2.89","9.41","10.96","9.34","1084"
"149","-","-","1.94","4.13","2.87","9.36","10.89","9.28","1079"
"148","-","1.26","-","4.12","2.86","9.30","10.83","9.23","1073"
"147","-","-","1.93","4.11","2.84","9.24","10.77","9.17","1068"
"146","-","-","-","4.10","2.82","9.19","10.70","9.12","1062"
"145","-","1.25","1.92","4.09","2.81","9.13","10.64","9.06","1057"
"144","-","-","-","4.08","2.79","9.08","10.58","9.01","1051"
"143","0.86","1.24","1.91","4.07","2.77","9.02","10.51","8.95","1046"
"142","-","-","-","4.06","2.76","8.97","10.45","8.90","1040"
"141","-","-","1.90","4.05","2.74","8.91","10.39","8.84","1035"
"140","-","1.23","-","4.04","2.73","8.86","10.32","8.79","1029"
"139","-","-","1.89","4.03","2.71","8.80","10.26","8.73","1023"
"138","-","-","-","4.02","2.69","8.75","10.20","8.68","1018"
"137","-","1.22","1.88","4.00","2.68","8.69","10.13","8.62","1012"
"136","-","-","-","3.99","2.66","8.63","10.07","8.57","1007"
"135","-","-","1.87","3.98","2.64","8.58","10.01","8.51","1001"
"134","0.85","1.21","-","3.97","2.63","8.52","9.94","8.45","996"
"133","-","-","1.86","3.96","2.61","8.47","9.88","8.40","990"
"132","-","-","-","3.95","2.59","8.41","9.82","8.34","985"
"131","-","1.20","1.85","3.94","2.58","8.36","9.75","8.29","979"
"130","-","-","-","3.93","2.56","8.30","9.69","8.23","973"
"129","-","-","1.84","3.92","2.55","8.25","9.63","8.18","968"
"128","-","1.19","-","3.91","2.53","8.19","9.56","8.12","962"
"127","-","-","1.83","3.90","2.51","8.13","9.50","8.07","957"
"126","-","-","-","3.89","2.50","8.08","9.44","8.01","951"
"125","0.84","1.18","1.82","3.88","2.48","8.02","9.37","7.96","946"
"124","-","-","-","3.87","2.46","7.97","9.31","7.90","940"
"123","-","1.17","1.81","3.86","2.45","7.91","9.25","7.85","935"
"122","-","-","-","3.84","2.43","7.86","9.18","7.79","929"
"121","-","-","1.80","3.83","2.41","7.80","9.12","7.74","923"
"120","-","1.16","-","3.82","2.40","7.75","9.06","7.68","918"
"119","-","-","1.79","3.81","2.38","7.69","8.99","7.63","912"
"118","-","-","-","3.80","2.36","7.63","8.93","7.57","907"
"117","-","1.15","1.78","3.79","2.35","7.58","8.87","7.52","901"
"116","0.83","-","-","3.78","2.33","7.52","8.80","7.46","896"
"115","-","-","1.77","3.77","2.32","7.47","8.74","7.41","890"
"114","-","1.14","-","3.76","2.30","7.41","8.68","7.35","885"
"113","-","-","1.76","3.75","2.28","7.36","8.61","7.30","879"
"112","-","-","-","3.74","2.27","7.30","8.55","7.24","873"
"111","-","1.13","1.75","3.73","2.25","7.25","8.49","7.18","868"
"110","-","-","-","3.72","2.23","7.19","8.42","7.13","862"
"109","-","-","1.74","3.71","2.22","7.13","8.36","7.07","857"
"108","-","1.12","-","3.69","2.20","7.08","8.30","7.02","851"
"107","0.82","-","1.73","3.68","2.18","7.02","8.23","6.96","846"
"106","-","1.11","-","3.67","2.17","6.97","8.17","6.91","840"
"105","-","-","1.72","3.66","2.15","6.91","8.11","6.85","835"
"104","-","-","-","3.65","2.14","6.86","8.04","6.80","829"
"103","-","1.10","1.71","3.64","2.12","6.80","7.98","6.74","823"
"102","-","-","-","3.63","2.10","6.75","7.92","6.69","818"
"101","-","-","1.70","3.62","2.09","6.69","7.85","6.63","812"
"100","-","1.09","-","3.61","2.07","6.63","7.79","6.58","807"
"99","-","-","1.69","3.60","2.05","6.58","7.72","6.52","801"
"98","0.81","-","-","3.59","2.04","6.52","7.66","6.47","796"
"97","-","1.08","1.68","3.58","2.02","6.47","7.60","6.41","790"
"96","-","-","-","3.57","2.00","6.41","7.53","6.36","784"
"95","-","-","1.67","3.56","1.99","6.36","7.47","6.30","779"
"94","-","1.07","-","3.55","1.97","6.30","7.41","6.25","773"
"93","-","-","1.66","3.53","1.95","6.25","7.34","6.19","768"
"92","-","-","-","3.52","1.94","6.19","7.28","6.13","762"
"91","-","1.06","1.65","3.51","1.92","6.13","7.22","6.08","757"
"90","-","-","-","3.50","1.91","6.08","7.15","6.02","751"
"89","0.80","-","1.64","3.49","1.89","6.02","7.09","5.97","745"
"88","-","1.05","-","3.48","1.87","5.97","7.03","5.91","740"
"87","-","-","1.63","3.47","1.86","5.91","6.96","5.86","734"
"86","-","1.04","-","3.46","1.84","5.86","6.90","5.80","729"
"85","-","-","1.62","3.45","1.82","5.80","6.84","5.75","723"
"84","-","-","-","3.44","1.81","5.75","6.77","5.69","718"
"83","-","1.03","1.61","3.43","1.79","5.69","6.71","5.64","712"
"82","-","-","-","3.42","1.77","5.63","6.65","5.58","706"
"81","-","-","1.60","3.41","1.76","5.58","6.58","5.53","701"
"80","0.79","1.02","-","3.40","1.74","5.52","6.52","5.47","695"
"79","-","-","1.59","3.38","1.72","5.47","6.46","5.42","690"
"78","-","-","-","3.37","1.71","5.41","6.39","5.36","684"
"77","-","1.01","1.58","3.36","1.69","5.36","6.33","5.31","678"
"76","-","-","-","3.35","1.68","5.30","6.27","5.25","673"
"75","-","-","1.57","3.34","1.66","5.24","6.20","5.19","667"
"74","-","1.00","-","3.33","1.64","5.19","6.14","5.14","662"
"73","-","-","1.56","3.32","1.63","5.13","6.08","5.08","656"
"72","-","-","-","3.31","1.61","5.08","6.01","5.03","651"
"71","0.78","0.99","1.55","3.30","1.59","5.02","5.95","4.97","645"
"70","-","-","-","3.29","1.58","4.97","5.89","4.92","639"
"69","-","0.98","1.54","3.28","1.56","4.91","5.82","4.86","634"
"68","-","-","-","3.27","1.54","4.86","5.76","4.81","628"
"67","-","-","1.53","3.26","1.53","4.80","5.70","4.75","623"
"66","-","0.97","-","3.25","1.51","4.74","5.63","4.70","617"
"65","-","-","1.52","3.23","1.49","4.69","5.57","4.64","611"
"64","-","-","-","3.22","1.48","4.63","5.51","4.59","606"
"63","-","0.96","1.51","3.21","1.46","4.58","5.44","4.53","600"
"62","0.77","-","-","3.20","1.45","4.52","5.38","4.48","595"
"61","-","-","1.50","3.19","1.43","4.47","5.32","4.42","589"
"60","-","0.95","-","3.18","1.41","4.41","5.25","4.37","584"
"59","-","-","1.49","3.17","1.40","4.35","5.19","4.31","578"
"58","-","-","-","3.16","1.38","4.30","5.13","4.25","572"
"57","-","0.94","1.48","3.15","1.36","4.24","5.06","4.20","567"
"56","-","-","-","3.14","1.35","4.19","5.00","4.14","561"
"55","-","0.93","1.47","3.13","1.33","4.13","4.93","4.09","556"
"54","-","-","-","3.12","1.31","4.08","4.87","4.03","550"
"53","0.76","-","1.46","3.11","1.30","4.02","4.81","3.98","544"
"52","-","0.92","-","3.09","1.28","3.97","4.74","3.92","539"
"51","-","-","1.45","3.08","1.27","3.91","4.68","3.87","533"
"50","-","-","-","3.07","1.25","3.85","4.62","3.81","528"
"49","-","0.91","1.44","3.06","1.23","3.80","4.55","3.76","522"
"48","-","-","-","3.05","1.22","3.74","4.49","3.70","516"
"47","-","-","1.43","3.04","1.20","3.69","4.43","3.65","511"
"46","-","0.90","-","3.03","1.18","3.63","4.36","3.59","505"
"45","-","-","1.42","3.02","1.17","3.58","4.30","3.54","500"
"44","0.75","-","-","3.01","1.15","3.52","4.24","3.48","494"
"43","-","0.89","1.41","3.00","1.13","3.46","4.17","3.42","488"
"42","-","-","-","2.99","1.12","3.41","4.11","3.37","483"
"41","-","-","1.40","2.98","1.10","3.35","4.05","3.31","477"
"40","-","0.88","-","2.97","1.08","3.30","3.98","3.26","472"
"39","-","-","1.39","2.95","1.07","3.24","3.92","3.20","466"
"38","-","0.87","-","2.94","1.05","3.19","3.86","3.15","460"
"37","-","-","1.38","2.93","1.04","3.13","3.79","3.09","455"
"36","-","-","-","2.92","1.02","3.08","3.73","3.04","449"
"35","0.74","0.86","1.37","2.91","1.00","3.02","3.67","2.98","444"
"34","-","-","-","2.90","0.99","2.96","3.60","2.93","438"
"33","-","-","1.36","2.89","0.97","2.91","3.54","2.87","432"
"32","-","0.85","-","2.88","0.95","2.85","3.47","2.82","427"
"31","-","-","1.35","2.87","0.94","2.80","3.41","2.76","421"
"30","-","-","-","2.86","0.92","2.74","3.35","2.71","416"
"29","-","0.84","1.34","2.85","0.90","2.69","3.28","2.65","410"
"28","-","-","-","2.84","0.89","2.63","3.22","2.59","404"
"27","-","-","1.33","2.83","0.87","2.57","3.16","2.54","399"
"26","0.73","0.83","-","2.81","0.85","2.52","3.09","2.48","393"
"25","-","-","1.32","2.80","0.84","2.46","3.03","2.43","388"
"24","-","-","-","2.79","0.82","2.41","2.97","2.37","382"
"23","-","0.82","1.31","2.78","0.80","2.35","2.90","2.32","376"
"22","-","-","-","2.77","0.79","2.30","2.84","2.26","371"
"21","-","0.81","1.30","2.76","0.77","2.24","2.78","2.21","365"
"20","-","-","-","2.75","0.76","2.18","2.71","2.15","359"
"19","-","-","1.29","2.74","0.74","2.13","2.65","2.10","354"
"18","-","0.80","-","2.73","0.72","2.07","2.59","2.04","348"
"17","0.72","-","1.28","2.72","0.71","2.02","2.52","1.99","343"
"16","-","-","-","2.71","0.69","1.96","2.46","1.93","337"
"15","-","0.79","1.27","2.70","0.67","1.91","2.40","1.87","331"
"14","-","-","-","2.69","0.66","1.85","2.33","1.82","326"
"13","-","-","1.26","2.67","0.64","1.79","2.27","1.76","320"
"12","-","0.78","-","2.66","0.62","1.74","2.20","1.71","315"
"11","-","-","1.25","2.65","0.61","1.68","2.14","1.65","309"
"10","-","-","-","2.64","0.59","1.63","2.08","1.60","303"
"9","0.71","0.77","1.24","2.63","0.57","1.57","2.01","1.54","298"
"8","-","-","-","2.62","0.56","1.52","1.95","1.49","292"
"7","-","0.76","1.23","2.61","0.54","1.46","1.89","1.43","286"
"6","-","-","-","2.60","0.53","1.40","1.82","1.38","281"
"5","-","-","1.22","2.59","0.51","1.35","1.76","1.32","275"
"4","-","0.75","-","2.58","0.49","1.29","1.70","1.27","270"
"3","-","-","1.21","2.57","0.48","1.24","1.63","1.21","264"
"2","-","-","-","2.56","0.46","1.18","1.57","1.15","258"
"1","-","0.74","1.20","2.54","0.44","1.13","1.51","1.10","253"
